post_id,date,platform,text,engagement,likes,comments,shares,views,product,campaign,market,language,author_type,verified_account
SM00572,2026-07-01 00:42,YouTube,Really impressed with the voice control on my NovaPhone X. Smooth experience!,17,9,1,2,124,NovaPhone X,Festival Launch,India-North,English,Prospect,0
SM00580,2026-07-01 00:54,Instagram,Comparing NovaPhone X mainly on health tracking. Any first-hand feedback?,28,18,5,0,216,NovaPhone X,Always-on,India-East,English,Prospect,0
SM00645,2026-07-01 02:56,Facebook,Please resolve the delivery promise. This is affecting whether I buy again. Kya kisi aur ko bhi hua?,25,16,3,1,696,AirBeat Pro,Service Update,India-West,Hinglish,Customer,0
SM01527,2026-07-01 04:03,YouTube,Great job on the late delivery. This upgrade feels worth it.,32,21,4,1,334,AirBeat Pro,Always-on,India-North,English,Customer,0
SM01180,2026-07-01 05:00,Reddit,Update: I received information about the support response. Paisa vasool lag raha hai.,8,1,2,1,776,AirBeat Pro,Always-on,India-Central,Hinglish,Community member,0
SM00126,2026-07-01 05:24,Instagram,I expected better from AirBeat Pro; the service centre is a serious problem.,30,20,5,0,828,AirBeat Pro,Always-on,India-East,English,Customer,0
SM01362,2026-07-01 05:38,Facebook,Really impressed with the package arrived on my FitPulse Watch. Smooth experience! Overall kaafi useful hai.,23,16,2,1,718,FitPulse Watch,None,India-South,Hinglish,Customer,0
SM00025,2026-07-01 07:15,Instagram,Loving the NovaPhone X; the delivery promise works better than expected. Paisa vasool lag raha hai.,26,15,1,3,668,NovaPhone X,Always-on,India-North,Hinglish,Prospect,0
SM00457,2026-07-01 09:32,Facebook,Great job on the new feature. This upgrade feels worth it.,5,1,2,0,125,NovaPhone X,Festival Launch,India-South,English,Creator,0
SM00238,2026-07-01 09:46,Reddit,"Great, another delivery delay. Exactly what customers needed.",31,20,1,3,790,NovaPhone X,Festival Launch,India-Central,English,Customer,0
SM00278,2026-07-01 12:45,Instagram,Amazing how the app usability keeps getting worse.,5,3,1,0,569,NovaPhone X,Service Update,India-East,English,Community member,0
SM00303,2026-07-01 15:58,YouTube,Looking for details on interface before deciding.,14,5,3,1,442,FitPulse Watch,Service Update,India-West,English,Customer,0
SM00336,2026-07-01 16:33,YouTube,Update: I received information about the voice control. Overall kaafi useful hai.,12,5,2,1,660,FitPulse Watch,None,India-East,Hinglish,Community member,0
SM00142,2026-07-01 16:44,Facebook,Not acceptable: support response has made the whole experience difficult.,36,25,4,1,281,AirBeat Pro,None,India-East,English,Prospect,0
SM01413,2026-07-01 16:47,Reddit,Update: I received information about the festival deal.,18,9,3,1,702,AirBeat Pro,Creator Collab,India-West,English,Customer,0
SM00553,2026-07-02 01:24,YouTube,Finally a product where the high price delivers what was promised.,31,19,3,2,919,FitPulse Watch,Festival Launch,India-North,English,Community member,0
SM00739,2026-07-02 02:11,X,Looking for details on checkout experience before deciding.,21,16,1,1,543,NovaPhone X,None,India-East,English,Community member,0
SM00925,2026-07-02 02:35,Instagram,Disappointed with the battery life for NovaPhone X. This needs fixing.,36,27,3,1,511,NovaPhone X,Always-on,India-Central,English,Prospect,0
SM00658,2026-07-02 04:55,YouTube,Update: I received information about the customer service.,31,22,3,1,510,HomeHub Mini,None,India-Central,English,Customer,1
SM00034,2026-07-02 06:12,YouTube,Really impressed with the late delivery on my NovaPhone X. Smooth experience! Please jaldi resolve karo.,22,11,1,3,142,NovaPhone X,Always-on,India-South,Hinglish,Community member,0
SM00054,2026-07-02 07:09,Instagram,Loving the FitPulse Watch; the app usability works better than expected.,52,36,5,2,704,FitPulse Watch,Always-on,India-East,English,Prospect,0
SM00214,2026-07-02 07:22,YouTube,I expected better from HomeHub Mini; the delivery delay is a serious problem.,29,18,1,3,187,HomeHub Mini,None,India-East,English,Customer,0
SM00012,2026-07-02 09:34,YouTube,"The product is good overall, although the sound quality needs improvement.",80,69,4,1,592,FitPulse Watch,Creator Collab,India-West,English,Customer,0
SM01430,2026-07-02 12:24,Instagram,The battery life is excellent. I would recommend AirBeat Pro. Overall kaafi useful hai.,5,1,2,0,266,AirBeat Pro,Creator Collab,India-Central,Hinglish,Customer,0
SM00053,2026-07-02 12:48,X,"The product is good overall, although the interface needs improvement.",23,10,5,1,175,FitPulse Watch,Festival Launch,India-East,English,Customer,1
SM01222,2026-07-02 15:47,Instagram,This delivery promise is fire. Did not expect it to be this good.,28,18,2,2,687,NovaPhone X,Creator Collab,India-East,English,Customer,0
SM01223,2026-07-02 15:55,Facebook,Looking for details on late delivery before deciding.,14,6,4,0,127,NovaPhone X,Always-on,India-West,English,Prospect,0
SM00944,2026-07-02 16:22,Instagram,Fantastic service: still dealing with the app usability.,16,3,2,3,474,FitPulse Watch,None,India-North,English,Creator,0
SM01166,2026-07-02 16:31,Instagram,Fantastic service: still dealing with the tracking update. Paisa vasool lag raha hai.,30,14,2,4,336,HomeHub Mini,Creator Collab,India-West,Hinglish,Prospect,1
SM01313,2026-07-02 17:32,Instagram,Great job on the delivery promise. This upgrade feels worth it.,24,16,1,2,624,NovaPhone X,Always-on,India-South,English,Prospect,0
SM01145,2026-07-02 17:36,YouTube,Does anyone know how the camera feature works for NovaPhone X?,16,6,2,2,449,NovaPhone X,Always-on,India-East,English,Prospect,0
SM00251,2026-07-02 18:33,YouTube,Really impressed with the service centre on my FitPulse Watch. Smooth experience!,7,2,1,1,461,FitPulse Watch,Festival Launch,India-South,English,Community member,0
SM00024,2026-07-02 19:54,X,Really impressed with the customer service on my FitPulse Watch. Smooth experience!,42,31,4,1,322,FitPulse Watch,Always-on,India-Central,English,Community member,1
SM00993,2026-07-02 21:53,YouTube,The delivery delay is excellent. I would recommend NovaPhone X.,9,5,2,0,534,NovaPhone X,Service Update,India-North,English,Community member,0
SM01185,2026-07-02 22:32,YouTube,Please resolve the customer service. This is affecting whether I buy again.,11,2,3,1,560,AirBeat Pro,Creator Collab,India-South,English,Creator,0
SM00344,2026-07-03 01:39,X,I expected better from AirBeat Pro; the tracking update is a serious problem.,18,6,0,4,482,AirBeat Pro,Always-on,India-Central,English,Community member,0
SM01022,2026-07-03 03:00,Instagram,Loving the FitPulse Watch; the discount offer works better than expected.,19,3,5,2,286,FitPulse Watch,Always-on,India-South,English,Community member,1
SM00061,2026-07-03 03:42,Facebook,Please resolve the discount offer. This is affecting whether I buy again.,26,10,5,2,679,AirBeat Pro,Always-on,India-West,English,Customer,0
SM00998,2026-07-03 06:53,X,Does anyone know how the festival deal works for HomeHub Mini? Paisa vasool lag raha hai.,23,17,3,0,742,HomeHub Mini,None,India-Central,Hinglish,Prospect,0
SM00326,2026-07-03 07:29,LinkedIn,Not acceptable: health tracking has made the whole experience difficult.,43,34,3,1,594,NovaPhone X,Creator Collab,India-West,English,Community member,0
SM00042,2026-07-03 07:42,YouTube,Loving the FitPulse Watch; the camera feature works better than expected.,32,16,5,2,276,FitPulse Watch,Service Update,India-West,English,Prospect,0
SM01486,2026-07-03 08:39,YouTube,I expected better from FitPulse Watch; the replacement process is a serious problem. Paisa vasool lag raha hai.,8,6,1,0,213,FitPulse Watch,Always-on,India-Central,Hinglish,Customer,0
SM00997,2026-07-03 09:37,Facebook,Fantastic service: still dealing with the delivery promise.,20,8,3,2,423,NovaPhone X,None,India-West,English,Customer,0
SM01272,2026-07-03 10:43,Reddit,AirBeat Pro absolutely slaps when it comes to pricing.,13,11,1,0,184,AirBeat Pro,Creator Collab,India-Central,English,Customer,0
SM00173,2026-07-03 11:06,LinkedIn,Not acceptable: battery quality has made the whole experience difficult.,9,4,1,1,627,HomeHub Mini,Creator Collab,India-South,English,Community member,0
SM00831,2026-07-03 12:07,LinkedIn,Comparing NovaPhone X mainly on app usability. Any first-hand feedback? Kya kisi aur ko bhi hua?,11,6,1,1,676,NovaPhone X,Service Update,India-East,Hinglish,Community member,0
SM00247,2026-07-03 12:34,X,"The product is good overall, although the tracking update needs improvement.",21,14,2,1,173,AirBeat Pro,Creator Collab,India-South,English,Prospect,0
SM00745,2026-07-03 12:34,X,"The tracking update is sick, honestly a solid update.",31,15,2,4,917,FitPulse Watch,Always-on,India-East,English,Customer,0
SM00221,2026-07-03 14:44,Instagram,Update: I received information about the delivery delay. Kya kisi aur ko bhi hua?,17,7,2,2,439,FitPulse Watch,Festival Launch,India-West,Hinglish,Customer,0
SM00538,2026-07-03 15:04,Instagram,Comparing FitPulse Watch mainly on replacement process. Any first-hand feedback?,32,27,1,1,987,FitPulse Watch,Service Update,India-North,English,Prospect,1
SM00234,2026-07-03 15:51,Instagram,The delivery promise is frustrating. Still waiting for a proper response.,14,8,3,0,116,NovaPhone X,Creator Collab,India-West,English,Customer,1
SM00544,2026-07-03 16:49,Reddit,Disappointed with the battery quality for NovaPhone X. This needs fixing. Please jaldi resolve karo.,14,8,3,0,707,NovaPhone X,Creator Collab,India-North,Hinglish,Customer,0
SM00183,2026-07-03 17:06,X,The app usability is frustrating. Still waiting for a proper response.,5,1,2,0,50,HomeHub Mini,None,India-South,English,Creator,0
SM01026,2026-07-03 18:15,LinkedIn,Really impressed with the package arrived on my FitPulse Watch. Smooth experience!,2,2,0,0,50,FitPulse Watch,None,India-West,English,Prospect,0
SM00083,2026-07-03 19:25,Instagram,Does anyone know how the checkout experience works for AirBeat Pro?,55,51,2,0,482,AirBeat Pro,Festival Launch,India-West,English,Community member,0
SM00282,2026-07-03 20:44,Instagram,The product quality is excellent. I would recommend NovaPhone X.,11,2,3,1,341,NovaPhone X,None,India-West,English,Customer,0
SM00795,2026-07-03 20:46,YouTube,Really impressed with the support response on my HomeHub Mini. Smooth experience!,14,8,0,2,245,HomeHub Mini,Festival Launch,India-South,English,Customer,0
SM00050,2026-07-03 22:43,Facebook,I expected better from FitPulse Watch; the service centre is a serious problem.,13,2,4,1,262,FitPulse Watch,Always-on,India-East,English,Customer,0
SM01036,2026-07-03 23:05,X,The voice control is excellent. I would recommend FitPulse Watch.,20,16,2,0,750,FitPulse Watch,None,India-Central,English,Prospect,0
SM00529,2026-07-04 00:45,Instagram,Really impressed with the late delivery on my FitPulse Watch. Smooth experience!,9,2,2,1,755,FitPulse Watch,None,India-South,English,Prospect,0
SM00092,2026-07-04 01:33,Instagram,Disappointed with the product quality for HomeHub Mini. This needs fixing.,52,48,2,0,510,HomeHub Mini,Creator Collab,India-South,English,Customer,0
SM01523,2026-07-04 02:49,Instagram,Finally a product where the delivery delay delivers what was promised.,23,14,3,1,698,NovaPhone X,Festival Launch,India-East,English,Community member,0
SM01131,2026-07-04 04:05,Facebook,Disappointed with the checkout experience for FitPulse Watch. This needs fixing.,35,22,5,1,499,FitPulse Watch,Festival Launch,India-North,English,Creator,0
SM01380,2026-07-04 05:05,X,Love spending my day chasing a sound quality. Brilliant. Kya kisi aur ko bhi hua?,7,2,1,1,149,HomeHub Mini,Creator Collab,India-South,Hinglish,Prospect,0
SM00821,2026-07-04 06:59,LinkedIn,Looking for details on product quality before deciding.,21,12,0,3,821,NovaPhone X,Festival Launch,India-West,English,Prospect,0
SM00472,2026-07-04 07:28,Instagram,Does anyone know how the pricing works for AirBeat Pro?,10,4,3,0,575,AirBeat Pro,Creator Collab,India-Central,English,Customer,0
SM00056,2026-07-04 07:48,Reddit,The easy setup is excellent. I would recommend AirBeat Pro.,12,2,2,2,193,AirBeat Pro,Service Update,India-South,English,Prospect,0
SM00022,2026-07-04 07:49,YouTube,Comparing AirBeat Pro mainly on high price. Any first-hand feedback?,22,5,1,5,741,AirBeat Pro,Creator Collab,India-East,English,Prospect,0
SM01019,2026-07-04 09:45,Reddit,Does anyone know how the battery quality works for FitPulse Watch?,17,8,3,1,384,FitPulse Watch,Always-on,India-North,English,Customer,0
SM00067,2026-07-04 10:14,Reddit,Loving the AirBeat Pro; the pricing works better than expected.,19,5,1,4,288,AirBeat Pro,None,India-West,English,Creator,0
SM00637,2026-07-04 10:53,YouTube,Finally a product where the durability delivers what was promised. Paisa vasool lag raha hai.,21,14,2,1,844,NovaPhone X,Festival Launch,India-West,Hinglish,Customer,1
SM00596,2026-07-04 12:14,Reddit,Great job on the festival deal. This upgrade feels worth it.,45,39,3,0,928,FitPulse Watch,Always-on,India-Central,English,Community member,0
SM00046,2026-07-04 14:32,Reddit,Not acceptable: value for money has made the whole experience difficult.,8,1,2,1,310,AirBeat Pro,Service Update,India-North,English,Creator,0
SM00655,2026-07-04 15:12,Instagram,Great job on the camera feature. This upgrade feels worth it.,14,1,2,3,358,AirBeat Pro,Creator Collab,India-West,English,Community member,0
SM00322,2026-07-04 15:33,Reddit,I expected better from NovaPhone X; the tracking update is a serious problem.,10,5,1,1,358,NovaPhone X,Creator Collab,India-North,English,Customer,0
SM01325,2026-07-04 18:20,Instagram,Update: I received information about the build quality.,14,1,2,3,601,FitPulse Watch,Always-on,India-East,English,Creator,0
SM00681,2026-07-04 18:22,YouTube,Update: I received information about the easy setup.,10,5,1,1,293,HomeHub Mini,Always-on,India-East,English,Prospect,0
SM00852,2026-07-05 01:33,YouTube,The latest post mentions sound quality for FitPulse Watch. Kya kisi aur ko bhi hua?,25,21,2,0,823,FitPulse Watch,None,India-West,Hinglish,Community member,0
SM00491,2026-07-05 03:35,Reddit,The latest post mentions build quality for NovaPhone X.,19,7,3,2,201,NovaPhone X,Always-on,India-West,English,Prospect,0
SM01117,2026-07-05 04:41,Facebook,Disappointed with the pairing process for HomeHub Mini. This needs fixing.,19,4,6,1,85,HomeHub Mini,Creator Collab,India-Central,English,Community member,0
SM00551,2026-07-05 05:31,Instagram,Not acceptable: tracking update has made the whole experience difficult.,108,95,2,3,1368,AirBeat Pro,Always-on,India-West,English,Community member,0
SM00085,2026-07-05 05:36,Instagram,I expected better from NovaPhone X; the festival deal is a serious problem.,13,6,2,1,222,NovaPhone X,Festival Launch,India-East,English,Prospect,0
SM00447,2026-07-05 06:36,X,The pairing process is excellent. I would recommend NovaPhone X.,13,7,3,0,460,NovaPhone X,Always-on,India-West,English,Customer,0
SM01094,2026-07-05 07:09,Reddit,Great job on the support response. This upgrade feels worth it.,5,1,2,0,261,NovaPhone X,Always-on,India-West,English,Community member,0
SM01470,2026-07-05 09:11,Reddit,This battery life is fire. Did not expect it to be this good.,36,26,2,2,841,HomeHub Mini,Festival Launch,India-North,English,Creator,0
SM00368,2026-07-05 09:31,Instagram,Finally a product where the replacement process delivers what was promised.,22,12,2,2,497,NovaPhone X,None,India-North,English,Customer,0
SM01289,2026-07-05 09:55,X,The late delivery is frustrating. Still waiting for a proper response. Kya kisi aur ko bhi hua?,26,11,3,3,265,FitPulse Watch,Always-on,India-North,Hinglish,Customer,0
SM00302,2026-07-05 13:36,Facebook,The app usability is frustrating. Still waiting for a proper response.,26,5,6,3,363,AirBeat Pro,Always-on,India-East,English,Customer,1
SM01025,2026-07-05 15:45,Instagram,Does anyone know how the new feature works for FitPulse Watch?,25,14,4,1,625,FitPulse Watch,Festival Launch,India-Central,English,Customer,0
SM00564,2026-07-05 15:47,Instagram,Please resolve the value for money. This is affecting whether I buy again.,15,7,1,2,81,NovaPhone X,Creator Collab,India-South,English,Customer,0
SM00629,2026-07-05 16:05,Instagram,Not acceptable: service centre has made the whole experience difficult. Paisa vasool lag raha hai.,31,19,3,2,201,FitPulse Watch,None,India-East,Hinglish,Customer,0
SM00503,2026-07-05 16:09,YouTube,Really impressed with the camera feature on my NovaPhone X. Smooth experience!,17,11,3,0,315,NovaPhone X,None,India-West,English,Customer,0
SM00691,2026-07-05 16:15,Facebook,Disappointed with the sound quality for HomeHub Mini. This needs fixing.,24,16,1,2,486,HomeHub Mini,Always-on,India-West,English,Community member,0
SM00823,2026-07-05 19:32,Instagram,The discount offer is excellent. I would recommend FitPulse Watch.,63,40,7,3,363,FitPulse Watch,Creator Collab,India-West,English,Customer,1
SM00722,2026-07-05 21:17,Instagram,Really impressed with the easy setup on my NovaPhone X. Smooth experience!,35,25,2,2,448,NovaPhone X,None,India-North,English,Customer,0
SM01472,2026-07-05 22:21,Reddit,The package arrived is frustrating. Still waiting for a proper response.,17,7,5,0,644,AirBeat Pro,Creator Collab,India-Central,English,Customer,0
SM01335,2026-07-05 22:56,YouTube,Really impressed with the delivery promise on my AirBeat Pro. Smooth experience!,22,9,2,3,414,AirBeat Pro,None,India-South,English,Prospect,0
SM00359,2026-07-06 01:08,Reddit,The camera feature is frustrating. Still waiting for a proper response.,17,5,3,2,270,AirBeat Pro,Always-on,India-West,English,Prospect,0
SM00002,2026-07-06 01:40,Instagram,"The product is good overall, although the delivery promise needs improvement. Please jaldi resolve karo.",17,4,2,3,405,HomeHub Mini,Always-on,India-North,Hinglish,Community member,0
SM00848,2026-07-06 02:31,X,The latest post mentions voice control for HomeHub Mini. Kya kisi aur ko bhi hua?,119,102,1,5,1560,HomeHub Mini,Creator Collab,India-North,Hinglish,Customer,0
SM01368,2026-07-06 03:16,X,Loving the HomeHub Mini; the customer service works better than expected. Kya kisi aur ko bhi hua?,11,2,0,3,713,HomeHub Mini,Festival Launch,India-East,Hinglish,Customer,0
SM00600,2026-07-06 05:22,X,I expected better from AirBeat Pro; the high price is a serious problem.,16,14,1,0,478,AirBeat Pro,Festival Launch,India-West,English,Prospect,0
SM00957,2026-07-06 07:14,Instagram,The festival deal is excellent. I would recommend HomeHub Mini.,21,19,1,0,475,HomeHub Mini,Festival Launch,India-North,English,Creator,0
SM00972,2026-07-06 08:11,X,I expected better from AirBeat Pro; the festival deal is a serious problem.,17,7,5,0,167,AirBeat Pro,None,India-Central,English,Community member,0
SM00763,2026-07-06 09:10,Instagram,Fantastic service: still dealing with the customer service.,31,15,5,2,696,AirBeat Pro,Always-on,India-East,English,Community member,0
SM01379,2026-07-06 11:22,Instagram,This support response is fire. Did not expect it to be this good.,18,11,2,1,767,NovaPhone X,None,India-Central,English,Customer,1
SM00218,2026-07-06 11:59,Reddit,Update: I received information about the festival deal.,24,3,3,5,241,HomeHub Mini,Always-on,India-Central,English,Customer,0
SM00615,2026-07-06 13:03,YouTube,Disappointed with the interface for NovaPhone X. This needs fixing. Kya kisi aur ko bhi hua?,10,6,2,0,274,NovaPhone X,Always-on,India-West,Hinglish,Customer,0
SM01577,2026-07-06 14:07,Instagram,Not acceptable: battery quality has made the whole experience difficult.,11,2,3,1,224,FitPulse Watch,None,India-North,English,Creator,0
SM01085,2026-07-06 16:40,LinkedIn,The checkout experience is frustrating. Still waiting for a proper response.,17,9,4,0,276,AirBeat Pro,Creator Collab,India-East,English,Customer,1
SM01336,2026-07-06 18:45,YouTube,Disappointed with the replacement process for FitPulse Watch. This needs fixing. Kya kisi aur ko bhi hua?,10,2,4,0,698,FitPulse Watch,Service Update,India-Central,Hinglish,Prospect,0
SM01063,2026-07-06 19:56,Reddit,Please resolve the service centre. This is affecting whether I buy again.,52,47,1,1,1130,HomeHub Mini,None,India-South,English,Customer,0
SM00550,2026-07-07 00:08,X,Great job on the app usability. This upgrade feels worth it.,30,12,3,4,284,NovaPhone X,None,India-South,English,Prospect,1
SM01054,2026-07-07 01:10,Instagram,Update: I received information about the pricing.,66,63,0,1,852,FitPulse Watch,None,India-Central,English,Customer,0
SM01444,2026-07-07 04:12,LinkedIn,The pricing is excellent. I would recommend FitPulse Watch.,11,5,3,0,671,FitPulse Watch,Festival Launch,India-South,English,Customer,0
SM01490,2026-07-07 04:17,X,Finally a product where the new feature delivers what was promised.,50,32,6,2,809,AirBeat Pro,Festival Launch,India-Central,English,Customer,0
SM00911,2026-07-07 06:04,LinkedIn,Comparing HomeHub Mini mainly on battery quality. Any first-hand feedback?,6,6,0,0,396,HomeHub Mini,None,India-North,English,Prospect,0
SM01321,2026-07-07 07:28,Instagram,NovaPhone X absolutely slaps when it comes to durability.,12,1,4,1,462,NovaPhone X,Creator Collab,India-North,English,Customer,1
SM01162,2026-07-07 08:03,Instagram,The festival deal is excellent. I would recommend HomeHub Mini.,13,7,3,0,788,HomeHub Mini,None,India-South,English,Customer,0
SM00590,2026-07-07 09:28,X,Not acceptable: tracking update has made the whole experience difficult.,24,18,3,0,470,HomeHub Mini,Festival Launch,India-East,English,Customer,0
SM01009,2026-07-07 09:30,Reddit,Looking for details on replacement process before deciding.,15,7,1,2,714,NovaPhone X,None,India-Central,English,Customer,0
SM00408,2026-07-07 10:09,Reddit,The latest post mentions sound quality for NovaPhone X.,13,9,2,0,358,NovaPhone X,None,India-West,English,Prospect,0
SM00619,2026-07-07 12:05,X,Please resolve the replacement process. This is affecting whether I buy again.,15,2,2,3,604,FitPulse Watch,Creator Collab,India-Central,English,Customer,0
SM01382,2026-07-07 12:41,Facebook,Finally a product where the tracking update delivers what was promised.,10,8,1,0,846,AirBeat Pro,Service Update,India-East,English,Customer,0
SM00805,2026-07-07 12:46,Facebook,Loving the AirBeat Pro; the package arrived works better than expected.,110,99,4,1,1070,AirBeat Pro,None,India-South,English,Customer,0
SM01544,2026-07-07 13:29,Reddit,Disappointed with the support response for AirBeat Pro. This needs fixing.,15,5,2,2,536,AirBeat Pro,Festival Launch,India-East,English,Creator,0
SM00559,2026-07-07 16:58,X,"The tracking update is sick, honestly a solid update. Please jaldi resolve karo.",6,3,0,1,355,NovaPhone X,None,India-East,Hinglish,Customer,0
SM00855,2026-07-07 17:53,Instagram,Comparing AirBeat Pro mainly on durability. Any first-hand feedback?,15,15,0,0,819,AirBeat Pro,Festival Launch,India-South,English,Prospect,0
SM00869,2026-07-07 18:08,LinkedIn,The easy setup is frustrating. Still waiting for a proper response.,29,20,3,1,488,NovaPhone X,None,India-Central,English,Customer,0
SM00037,2026-07-07 18:35,X,Please resolve the service centre. This is affecting whether I buy again.,37,34,0,1,353,AirBeat Pro,Festival Launch,India-East,English,Prospect,0
SM00381,2026-07-07 18:40,X,The latest post mentions new feature for HomeHub Mini.,10,6,2,0,130,HomeHub Mini,Always-on,India-West,English,Creator,0
SM00088,2026-07-07 18:46,Instagram,The refund help is excellent. I would recommend NovaPhone X.,21,16,1,1,836,NovaPhone X,Creator Collab,India-North,English,Prospect,0
SM00971,2026-07-07 20:42,Instagram,I expected better from FitPulse Watch; the service centre is a serious problem.,17,4,2,3,815,FitPulse Watch,Always-on,India-West,English,Creator,0
SM01285,2026-07-07 21:30,Instagram,"Great, another replacement process. Exactly what customers needed.",16,7,3,1,136,AirBeat Pro,None,India-North,English,Community member,0
SM00866,2026-07-07 23:32,Facebook,I expected better from NovaPhone X; the service centre is a serious problem.,13,7,3,0,275,NovaPhone X,Always-on,India-North,English,Customer,0
SM01204,2026-07-08 00:05,YouTube,The replacement process is excellent. I would recommend NovaPhone X.,8,1,2,1,252,NovaPhone X,Festival Launch,India-Central,English,Prospect,1
SM00176,2026-07-08 00:08,Facebook,Loving the FitPulse Watch; the tracking update works better than expected.,32,26,3,0,415,FitPulse Watch,Festival Launch,India-East,English,Customer,0
SM00060,2026-07-08 00:44,YouTube,Finally a product where the easy setup delivers what was promised.,20,16,2,0,669,HomeHub Mini,Always-on,India-North,English,Prospect,0
SM00817,2026-07-08 01:13,YouTube,Amazing how the replacement process keeps getting worse.,16,10,3,0,390,AirBeat Pro,Festival Launch,India-South,English,Prospect,1
SM00483,2026-07-08 01:53,YouTube,Love spending my day chasing a high price. Brilliant.,9,2,2,1,124,AirBeat Pro,Always-on,India-South,English,Customer,0
SM00249,2026-07-08 02:03,X,I expected better from AirBeat Pro; the battery quality is a serious problem.,13,5,1,2,728,AirBeat Pro,Festival Launch,India-Central,English,Community member,1
SM01172,2026-07-08 03:26,X,I expected better from AirBeat Pro; the delivery delay is a serious problem.,5,1,2,0,68,AirBeat Pro,None,India-East,English,Customer,0
SM00427,2026-07-08 03:43,LinkedIn,Comparing NovaPhone X mainly on sound quality. Any first-hand feedback? Kya kisi aur ko bhi hua?,15,2,2,3,126,NovaPhone X,None,India-West,Hinglish,Community member,0
SM01306,2026-07-08 04:36,Reddit,Really impressed with the value for money on my FitPulse Watch. Smooth experience!,26,15,1,3,166,FitPulse Watch,Service Update,India-South,English,Community member,0
SM01071,2026-07-08 05:39,Reddit,Disappointed with the festival deal for FitPulse Watch. This needs fixing.,6,4,1,0,328,FitPulse Watch,Always-on,India-North,English,Customer,1
SM00266,2026-07-08 06:05,Reddit,Love spending my day chasing a late delivery. Brilliant.,74,59,3,3,523,FitPulse Watch,Creator Collab,India-East,English,Customer,1
SM00746,2026-07-08 07:20,YouTube,This durability is fire. Did not expect it to be this good.,8,1,2,1,201,HomeHub Mini,None,India-North,English,Prospect,0
SM00489,2026-07-08 09:22,YouTube,The latest post mentions pricing for HomeHub Mini.,20,7,5,1,801,HomeHub Mini,Always-on,India-East,English,Customer,0
SM01220,2026-07-08 11:37,YouTube,Disappointed with the value for money for NovaPhone X. This needs fixing.,30,7,7,3,110,NovaPhone X,Service Update,India-South,English,Prospect,0
SM01251,2026-07-08 12:19,YouTube,Really impressed with the product quality on my HomeHub Mini. Smooth experience!,14,3,1,3,60,HomeHub Mini,Always-on,India-East,English,Prospect,0
SM01007,2026-07-08 13:38,YouTube,Looking for details on high price before deciding.,8,2,3,0,436,HomeHub Mini,Always-on,India-East,English,Customer,0
SM01445,2026-07-08 13:44,YouTube,Really impressed with the interface on my AirBeat Pro. Smooth experience! Please jaldi resolve karo.,27,16,4,1,581,AirBeat Pro,None,India-North,Hinglish,Customer,0
SM01032,2026-07-08 13:57,Facebook,The tracking update is excellent. I would recommend AirBeat Pro.,27,25,1,0,819,AirBeat Pro,Service Update,India-East,English,Community member,0
SM00225,2026-07-08 14:51,X,Great job on the delivery delay. This upgrade feels worth it.,15,6,3,1,143,HomeHub Mini,Festival Launch,India-North,English,Prospect,0
SM01080,2026-07-08 18:31,YouTube,Not acceptable: high price has made the whole experience difficult.,12,10,1,0,405,NovaPhone X,Festival Launch,India-West,English,Customer,1
SM00257,2026-07-08 18:41,Reddit,I expected better from FitPulse Watch; the high price is a serious problem.,30,19,4,1,553,FitPulse Watch,Creator Collab,India-West,English,Prospect,0
SM00771,2026-07-08 20:31,Instagram,The latest post mentions product quality for HomeHub Mini.,11,4,2,1,93,HomeHub Mini,Festival Launch,India-South,English,Customer,0
SM00138,2026-07-08 20:57,LinkedIn,I expected better from FitPulse Watch; the refund help is a serious problem.,19,7,3,2,611,FitPulse Watch,None,India-South,English,Prospect,1
SM01170,2026-07-08 21:01,X,Disappointed with the support response for AirBeat Pro. This needs fixing.,40,30,2,2,991,AirBeat Pro,None,India-Central,English,Customer,0
SM00081,2026-07-08 21:47,X,Not acceptable: interface has made the whole experience difficult.,39,35,2,0,1034,AirBeat Pro,None,India-North,English,Customer,0
SM00499,2026-07-08 22:31,X,The battery life is excellent. I would recommend FitPulse Watch.,29,24,1,1,498,FitPulse Watch,Festival Launch,India-West,English,Prospect,0
SM00914,2026-07-08 23:33,X,Great job on the interface. This upgrade feels worth it.,33,28,1,1,700,FitPulse Watch,Festival Launch,India-South,English,Customer,0
SM00837,2026-07-09 01:02,YouTube,I expected better from HomeHub Mini; the battery life is a serious problem.,19,13,0,2,866,HomeHub Mini,Always-on,India-North,English,Customer,0
SM00127,2026-07-09 01:31,Instagram,Disappointed with the sound quality for NovaPhone X. This needs fixing.,7,2,1,1,550,NovaPhone X,Always-on,India-South,English,Community member,0
SM00064,2026-07-09 02:37,Instagram,Loving the NovaPhone X; the health tracking works better than expected.,39,21,6,2,838,NovaPhone X,None,India-West,English,Customer,0
SM01181,2026-07-09 03:36,YouTube,Amazing how the package arrived keeps getting worse.,13,13,0,0,365,FitPulse Watch,Creator Collab,India-Central,English,Customer,0
SM00692,2026-07-09 03:57,Reddit,Comparing AirBeat Pro mainly on new feature. Any first-hand feedback?,27,15,3,2,887,AirBeat Pro,Service Update,India-West,English,Customer,0
SM00349,2026-07-09 06:06,Reddit,The customer service is frustrating. Still waiting for a proper response.,8,3,1,1,499,NovaPhone X,None,India-Central,English,Customer,0
SM00317,2026-07-09 06:39,YouTube,Fantastic service: still dealing with the pricing.,7,4,0,1,606,NovaPhone X,None,India-South,English,Prospect,0
SM00308,2026-07-09 10:00,LinkedIn,Looking for details on support response before deciding.,26,13,2,3,231,AirBeat Pro,Creator Collab,India-South,English,Customer,0
SM00828,2026-07-09 10:53,Instagram,The build quality is excellent. I would recommend FitPulse Watch.,15,4,1,3,357,FitPulse Watch,Always-on,India-Central,English,Customer,0
SM00295,2026-07-09 13:25,LinkedIn,Please resolve the customer service. This is affecting whether I buy again.,23,18,1,1,510,NovaPhone X,Creator Collab,India-South,English,Community member,0
SM01418,2026-07-09 13:38,Reddit,Loving the NovaPhone X; the late delivery works better than expected.,55,52,0,1,795,NovaPhone X,Festival Launch,India-West,English,Community member,0
SM00007,2026-07-09 14:57,Instagram,Comparing FitPulse Watch mainly on replacement process. Any first-hand feedback?,34,8,4,6,829,FitPulse Watch,Always-on,India-North,English,Customer,0
SM00345,2026-07-09 15:32,YouTube,Loving the NovaPhone X; the service centre works better than expected.,31,4,9,3,477,NovaPhone X,Festival Launch,India-North,English,Customer,0
SM01598,2026-07-09 16:24,Instagram,The latest post mentions durability for NovaPhone X.,20,3,7,1,50,NovaPhone X,Always-on,India-Central,English,Customer,0
SM00666,2026-07-09 20:45,Reddit,Not acceptable: tracking update has made the whole experience difficult.,7,5,1,0,770,NovaPhone X,Always-on,India-South,English,Creator,0
SM00244,2026-07-09 22:51,X,Disappointed with the pairing process for NovaPhone X. This needs fixing.,16,8,4,0,828,NovaPhone X,Creator Collab,India-Central,English,Prospect,0
SM00862,2026-07-10 02:30,Reddit,I expected better from NovaPhone X; the voice control is a serious problem.,26,21,1,1,866,NovaPhone X,Service Update,India-North,English,Customer,1
SM00512,2026-07-10 06:23,X,Disappointed with the camera feature for AirBeat Pro. This needs fixing.,21,14,2,1,789,AirBeat Pro,Service Update,India-West,English,Customer,0
SM01196,2026-07-10 06:38,Instagram,Really impressed with the pricing on my NovaPhone X. Smooth experience!,9,7,1,0,544,NovaPhone X,Always-on,India-South,English,Creator,1
SM00897,2026-07-10 07:41,LinkedIn,The delivery delay is excellent. I would recommend AirBeat Pro.,58,53,1,1,726,AirBeat Pro,Festival Launch,India-North,English,Customer,0
SM00399,2026-07-10 08:45,Facebook,This tracking update is fire. Did not expect it to be this good.,16,4,3,2,524,AirBeat Pro,Always-on,India-West,English,Customer,0
SM01503,2026-07-10 11:40,Reddit,Not acceptable: customer service has made the whole experience difficult.,41,26,6,1,880,NovaPhone X,Always-on,India-South,English,Customer,0
SM00696,2026-07-10 16:35,YouTube,"The product is good overall, although the battery life needs improvement.",13,2,4,1,50,HomeHub Mini,None,India-North,English,Customer,0
SM01109,2026-07-10 18:25,Instagram,Looking for details on package arrived before deciding.,8,3,1,1,769,HomeHub Mini,Service Update,India-East,English,Customer,0
SM01104,2026-07-10 19:45,LinkedIn,The health tracking is frustrating. Still waiting for a proper response.,20,13,2,1,513,AirBeat Pro,Always-on,India-North,English,Customer,0
SM00557,2026-07-10 20:04,X,Looking for details on customer service before deciding.,14,6,4,0,808,NovaPhone X,Always-on,India-West,English,Customer,0
SM00449,2026-07-10 20:50,X,Great job on the battery quality. This upgrade feels worth it.,13,4,3,1,769,AirBeat Pro,Festival Launch,India-West,English,Customer,0
SM01083,2026-07-10 20:55,LinkedIn,Really impressed with the late delivery on my NovaPhone X. Smooth experience!,8,8,0,0,303,NovaPhone X,Festival Launch,India-North,English,Prospect,0
SM00521,2026-07-10 22:12,YouTube,"The product is good overall, although the new feature needs improvement.",10,1,3,1,459,AirBeat Pro,Festival Launch,India-North,English,Customer,0
SM01393,2026-07-10 22:31,Reddit,Loving the AirBeat Pro; the high price works better than expected.,26,16,2,2,454,AirBeat Pro,Creator Collab,India-North,English,Prospect,0
SM01347,2026-07-10 22:42,Reddit,"Great features, terrible new feature. I am genuinely undecided.",92,79,5,1,992,NovaPhone X,Festival Launch,India-North,English,Customer,0
SM00412,2026-07-10 22:59,Reddit,The latest post mentions high price for NovaPhone X.,10,8,1,0,439,NovaPhone X,Always-on,India-North,English,Prospect,0
SM00507,2026-07-10 23:32,YouTube,This sound quality is fire. Did not expect it to be this good. Please jaldi resolve karo.,10,3,2,1,442,FitPulse Watch,None,India-Central,Hinglish,Customer,0
SM01471,2026-07-11 00:54,Reddit,I expected better from NovaPhone X; the value for money is a serious problem.,32,20,3,2,233,NovaPhone X,Festival Launch,India-Central,English,Customer,1
SM00442,2026-07-11 06:57,X,I expected better from NovaPhone X; the sound quality is a serious problem.,21,2,5,3,164,NovaPhone X,Always-on,India-Central,English,Prospect,0
SM00642,2026-07-11 07:21,Instagram,Great job on the health tracking. This upgrade feels worth it.,7,2,1,1,705,HomeHub Mini,Always-on,India-Central,English,Community member,0
SM00099,2026-07-11 08:01,Instagram,Really impressed with the new feature on my AirBeat Pro. Smooth experience!,49,27,2,6,510,AirBeat Pro,None,India-West,English,Customer,0
SM00813,2026-07-11 09:22,YouTube,Please resolve the camera feature. This is affecting whether I buy again.,19,17,1,0,227,NovaPhone X,Always-on,India-East,English,Customer,0
SM01477,2026-07-11 10:12,Instagram,Finally a product where the easy setup delivers what was promised.,15,8,2,1,534,HomeHub Mini,None,India-West,English,Customer,0
SM01156,2026-07-11 10:23,Instagram,The package arrived is frustrating. Still waiting for a proper response. Kya kisi aur ko bhi hua?,8,3,1,1,498,NovaPhone X,Always-on,India-West,Hinglish,Customer,0
SM00555,2026-07-11 10:27,LinkedIn,Update: I received information about the pricing.,18,18,0,0,682,NovaPhone X,None,India-East,English,Creator,1
SM01357,2026-07-11 10:57,Facebook,Disappointed with the delivery promise for HomeHub Mini. This needs fixing.,11,2,0,3,681,HomeHub Mini,Service Update,India-West,English,Creator,0
SM01164,2026-07-11 11:12,YouTube,I expected better from FitPulse Watch; the battery quality is a serious problem.,41,33,4,0,290,FitPulse Watch,Festival Launch,India-Central,English,Prospect,0
SM00143,2026-07-11 12:29,Instagram,The interface is frustrating. Still waiting for a proper response.,15,5,5,0,713,AirBeat Pro,Festival Launch,India-Central,English,Customer,1
SM00133,2026-07-11 14:49,Instagram,Not acceptable: product quality has made the whole experience difficult.,14,12,1,0,235,HomeHub Mini,None,India-East,English,Customer,0
SM00858,2026-07-11 15:05,LinkedIn,Loving the NovaPhone X; the checkout experience works better than expected.,12,7,1,1,609,NovaPhone X,Festival Launch,India-North,English,Customer,0
SM01509,2026-07-11 15:10,Facebook,Disappointed with the late delivery for HomeHub Mini. This needs fixing.,23,18,1,1,724,HomeHub Mini,Service Update,India-South,English,Customer,0
SM00075,2026-07-11 16:17,Instagram,The latest post mentions tracking update for AirBeat Pro.,20,5,3,3,570,AirBeat Pro,None,India-East,English,Customer,0
SM00265,2026-07-11 16:19,X,Not acceptable: value for money has made the whole experience difficult.,19,11,4,0,608,HomeHub Mini,Creator Collab,India-East,English,Customer,0
SM01358,2026-07-11 17:52,Instagram,Does anyone know how the festival deal works for HomeHub Mini?,11,6,1,1,236,HomeHub Mini,Festival Launch,India-Central,English,Customer,0
SM01399,2026-07-11 18:39,Facebook,Great job on the discount offer. This upgrade feels worth it. Paisa vasool lag raha hai.,33,25,1,2,251,NovaPhone X,Creator Collab,India-Central,Hinglish,Customer,0
SM00676,2026-07-11 20:02,Instagram,Loving the HomeHub Mini; the easy setup works better than expected.,13,3,2,2,711,HomeHub Mini,Service Update,India-West,English,Customer,0
SM00807,2026-07-11 20:39,Reddit,Does anyone know how the pairing process works for AirBeat Pro? Kya kisi aur ko bhi hua?,30,8,8,2,597,AirBeat Pro,Service Update,India-West,Hinglish,Community member,0
SM00999,2026-07-11 21:49,Instagram,Finally a product where the tracking update delivers what was promised.,47,40,2,1,755,FitPulse Watch,Creator Collab,India-West,English,Community member,0
SM00150,2026-07-11 22:14,Facebook,Disappointed with the discount offer for AirBeat Pro. This needs fixing.,19,9,2,2,477,AirBeat Pro,None,India-Central,English,Customer,0
SM01275,2026-07-11 23:47,YouTube,Looking for details on product quality before deciding.,47,35,3,2,710,AirBeat Pro,Service Update,India-West,English,Prospect,0
SM01092,2026-07-12 01:21,Instagram,Please resolve the battery life. This is affecting whether I buy again.,45,26,5,3,338,NovaPhone X,Creator Collab,India-East,English,Customer,0
SM00120,2026-07-12 05:22,X,Update: I received information about the replacement process.,32,28,2,0,1014,FitPulse Watch,Always-on,India-North,English,Community member,0
SM01510,2026-07-12 05:47,YouTube,Really impressed with the camera feature on my AirBeat Pro. Smooth experience!,29,15,4,2,665,AirBeat Pro,None,India-Central,English,Customer,0
SM01151,2026-07-12 05:57,Reddit,Great job on the health tracking. This upgrade feels worth it.,13,5,1,2,478,FitPulse Watch,None,India-East,English,Customer,0
SM00846,2026-07-12 08:14,LinkedIn,Really impressed with the pricing on my NovaPhone X. Smooth experience!,8,4,2,0,432,NovaPhone X,None,India-North,English,Prospect,0
SM00542,2026-07-12 08:22,LinkedIn,Disappointed with the festival deal for NovaPhone X. This needs fixing.,15,3,6,0,217,NovaPhone X,None,India-Central,English,Customer,0
SM00029,2026-07-12 10:38,Facebook,Comparing FitPulse Watch mainly on tracking update. Any first-hand feedback?,5,1,2,0,556,FitPulse Watch,None,India-West,English,Customer,0
SM00936,2026-07-12 13:03,X,I expected better from NovaPhone X; the health tracking is a serious problem.,17,14,0,1,186,NovaPhone X,Creator Collab,India-Central,English,Customer,0
SM00675,2026-07-12 13:16,LinkedIn,I expected better from FitPulse Watch; the build quality is a serious problem.,14,2,3,2,235,FitPulse Watch,None,India-South,English,Creator,0
SM00422,2026-07-12 13:30,Instagram,Please resolve the refund help. This is affecting whether I buy again. Kya kisi aur ko bhi hua?,14,11,0,1,799,AirBeat Pro,None,India-South,Hinglish,Customer,0
SM00535,2026-07-12 14:22,X,Loving the AirBeat Pro; the product quality works better than expected.,16,7,3,1,711,AirBeat Pro,Festival Launch,India-South,English,Customer,0
SM01466,2026-07-12 16:12,Reddit,Finally a product where the high price delivers what was promised. Overall kaafi useful hai.,105,95,5,0,1218,NovaPhone X,None,India-West,Hinglish,Customer,0
SM00571,2026-07-12 16:21,Instagram,The latest post mentions health tracking for HomeHub Mini.,32,27,1,1,398,HomeHub Mini,Festival Launch,India-East,English,Customer,0
SM01525,2026-07-12 17:21,Instagram,Looking for details on product quality before deciding.,17,17,0,0,465,AirBeat Pro,Festival Launch,India-West,English,Customer,0
SM01068,2026-07-12 17:30,Reddit,Love spending my day chasing a app usability. Brilliant.,9,1,4,0,50,HomeHub Mini,Creator Collab,India-West,English,Customer,0
SM00212,2026-07-12 18:38,LinkedIn,Not acceptable: discount offer has made the whole experience difficult.,13,9,2,0,334,AirBeat Pro,Creator Collab,India-South,English,Customer,0
SM01535,2026-07-12 20:07,Instagram,NovaPhone X absolutely slaps when it comes to pricing.,30,24,0,2,242,NovaPhone X,Creator Collab,India-North,English,Prospect,0
SM01087,2026-07-13 00:31,Reddit,Looking for details on replacement process before deciding.,17,3,4,2,452,AirBeat Pro,None,India-North,English,Customer,0
SM00321,2026-07-13 00:40,Reddit,Really impressed with the high price on my FitPulse Watch. Smooth experience!,14,14,0,0,843,FitPulse Watch,None,India-Central,English,Community member,0
SM01165,2026-07-13 00:50,Facebook,Not acceptable: pricing has made the whole experience difficult. Paisa vasool lag raha hai.,9,6,0,1,752,HomeHub Mini,Festival Launch,India-East,Hinglish,Customer,0
SM01416,2026-07-13 00:52,YouTube,Really impressed with the service centre on my FitPulse Watch. Smooth experience!,23,10,2,3,765,FitPulse Watch,Always-on,India-South,English,Customer,0
SM00466,2026-07-13 01:47,LinkedIn,Really impressed with the replacement process on my NovaPhone X. Smooth experience!,9,3,3,0,665,NovaPhone X,None,India-South,English,Customer,0
SM01189,2026-07-13 02:04,YouTube,Disappointed with the pricing for FitPulse Watch. This needs fixing. Please jaldi resolve karo.,24,13,4,1,793,FitPulse Watch,Creator Collab,India-West,Hinglish,Customer,0
SM01015,2026-07-13 02:30,YouTube,Disappointed with the app usability for AirBeat Pro. This needs fixing.,14,6,4,0,525,AirBeat Pro,Always-on,India-Central,English,Customer,0
SM01279,2026-07-13 03:03,Facebook,I expected better from AirBeat Pro; the camera feature is a serious problem.,17,9,1,2,521,AirBeat Pro,None,India-Central,English,Creator,0
SM01390,2026-07-13 05:25,LinkedIn,Comparing FitPulse Watch mainly on customer service. Any first-hand feedback?,23,9,4,2,703,FitPulse Watch,Service Update,India-East,English,Prospect,0
SM00714,2026-07-13 06:06,Reddit,Loving the FitPulse Watch; the durability works better than expected.,17,5,6,0,828,FitPulse Watch,Always-on,India-Central,English,Prospect,0
SM00510,2026-07-13 06:22,Instagram,Great job on the delivery delay. This upgrade feels worth it. Please jaldi resolve karo.,21,13,4,0,772,NovaPhone X,None,India-East,Hinglish,Customer,0
SM01392,2026-07-13 07:14,YouTube,The delivery promise is frustrating. Still waiting for a proper response. Paisa vasool lag raha hai.,8,4,2,0,576,AirBeat Pro,Festival Launch,India-West,Hinglish,Customer,0
SM01298,2026-07-13 12:17,Instagram,Update: I received information about the battery life.,39,16,4,5,252,AirBeat Pro,Service Update,India-East,English,Creator,0
SM00080,2026-07-13 12:50,YouTube,Finally a product where the pricing delivers what was promised.,14,2,3,2,666,AirBeat Pro,Service Update,India-South,English,Customer,0
SM00853,2026-07-13 13:03,Instagram,Happy with performance but unhappy about the replacement process.,13,11,1,0,525,FitPulse Watch,Creator Collab,India-East,English,Customer,0
SM01024,2026-07-13 13:08,X,Does anyone know how the easy setup works for AirBeat Pro?,14,1,2,3,444,AirBeat Pro,Always-on,India-Central,English,Prospect,0
SM01517,2026-07-13 13:28,Facebook,Fantastic service: still dealing with the sound quality.,18,7,4,1,250,FitPulse Watch,None,India-East,English,Community member,0
SM00633,2026-07-13 14:04,Facebook,Please resolve the delivery promise. This is affecting whether I buy again.,8,2,3,0,133,HomeHub Mini,Festival Launch,India-East,English,Customer,0
SM01340,2026-07-13 15:57,Reddit,I expected better from NovaPhone X; the new feature is a serious problem.,28,15,5,1,888,NovaPhone X,Festival Launch,India-West,English,Customer,0
SM01029,2026-07-13 18:00,Reddit,The latest post mentions festival deal for HomeHub Mini.,14,10,2,0,622,HomeHub Mini,Festival Launch,India-North,English,Customer,0
SM01006,2026-07-13 19:33,Reddit,Really impressed with the pairing process on my NovaPhone X. Smooth experience!,14,6,4,0,509,NovaPhone X,Always-on,India-South,English,Customer,0
SM00441,2026-07-13 20:41,Instagram,The festival deal is frustrating. Still waiting for a proper response.,23,10,2,3,408,AirBeat Pro,Service Update,India-West,English,Customer,0
SM00185,2026-07-13 22:09,YouTube,Not acceptable: sound quality has made the whole experience difficult.,23,15,4,0,421,NovaPhone X,None,India-East,English,Prospect,0
SM00245,2026-07-13 22:11,X,Does anyone know how the durability works for NovaPhone X?,34,28,0,2,483,NovaPhone X,None,India-South,English,Customer,0
SM00861,2026-07-14 00:12,Reddit,"The product is good overall, although the refund help needs improvement.",15,7,1,2,300,AirBeat Pro,Always-on,India-West,English,Prospect,0
SM00139,2026-07-14 00:59,YouTube,Disappointed with the tracking update for NovaPhone X. This needs fixing.,21,9,6,0,833,NovaPhone X,Always-on,India-West,English,Customer,0
SM00990,2026-07-14 02:16,X,Not acceptable: customer service has made the whole experience difficult.,22,19,0,1,755,NovaPhone X,Always-on,India-North,English,Customer,0
SM00437,2026-07-14 03:32,Reddit,Finally a product where the replacement process delivers what was promised.,13,8,1,1,843,AirBeat Pro,None,India-South,English,Community member,0
SM01088,2026-07-14 06:36,Reddit,Comparing FitPulse Watch mainly on product quality. Any first-hand feedback?,9,1,4,0,259,FitPulse Watch,None,India-West,English,Customer,0
SM00930,2026-07-14 10:00,Reddit,Please resolve the battery quality. This is affecting whether I buy again.,19,10,3,1,332,AirBeat Pro,None,India-North,English,Prospect,0
SM00942,2026-07-14 10:43,X,The battery quality is frustrating. Still waiting for a proper response.,10,4,3,0,53,NovaPhone X,Festival Launch,India-South,English,Creator,0
SM01504,2026-07-14 11:02,X,Great job on the service centre. This upgrade feels worth it.,42,35,2,1,525,AirBeat Pro,Always-on,India-East,English,Customer,0
SM00791,2026-07-14 16:12,Instagram,This replacement process is fire. Did not expect it to be this good.,25,20,1,1,711,NovaPhone X,None,India-North,English,Prospect,0
SM00382,2026-07-14 16:19,X,Update: I received information about the value for money.,24,20,2,0,349,NovaPhone X,Always-on,India-South,English,Community member,0
SM01304,2026-07-14 16:28,LinkedIn,I expected better from FitPulse Watch; the battery quality is a serious problem.,32,23,3,1,875,FitPulse Watch,Always-on,India-East,English,Customer,0
SM01443,2026-07-14 18:34,YouTube,The latest post mentions package arrived for HomeHub Mini.,62,54,1,2,766,HomeHub Mini,None,India-East,English,Customer,0
SM01229,2026-07-14 19:25,X,Comparing FitPulse Watch mainly on interface. Any first-hand feedback?,27,7,1,6,318,FitPulse Watch,Service Update,India-South,English,Community member,0
SM00021,2026-07-14 21:34,X,Loving the NovaPhone X; the pricing works better than expected.,17,2,3,3,447,NovaPhone X,None,India-Central,English,Community member,0
SM01499,2026-07-14 22:58,Reddit,The replacement process is excellent. I would recommend FitPulse Watch.,29,20,3,1,437,FitPulse Watch,Always-on,India-Central,English,Customer,0
SM00394,2026-07-14 23:54,Instagram,The health tracking is excellent. I would recommend NovaPhone X.,24,10,4,2,670,NovaPhone X,Creator Collab,India-West,English,Creator,0
SM01568,2026-07-14 23:55,YouTube,Love spending my day chasing a festival deal. Brilliant.,17,6,4,1,362,HomeHub Mini,Festival Launch,India-East,English,Customer,0
SM01267,2026-07-15 00:33,Facebook,I expected better from NovaPhone X; the replacement process is a serious problem.,14,2,3,2,326,NovaPhone X,Service Update,India-Central,English,Creator,0
SM01253,2026-07-15 00:44,YouTube,Please resolve the pricing. This is affecting whether I buy again. Overall kaafi useful hai.,18,9,3,1,196,FitPulse Watch,Service Update,India-West,Hinglish,Prospect,0
SM01199,2026-07-15 00:48,LinkedIn,Does anyone know how the customer service works for HomeHub Mini? Paisa vasool lag raha hai.,160,152,1,2,1850,HomeHub Mini,Always-on,India-North,Hinglish,Customer,0
SM00838,2026-07-15 01:55,YouTube,Does anyone know how the high price works for NovaPhone X?,66,60,3,0,553,NovaPhone X,Always-on,India-South,English,Customer,0
SM00383,2026-07-15 02:01,Facebook,Loving the NovaPhone X; the pairing process works better than expected. Paisa vasool lag raha hai.,29,20,3,1,616,NovaPhone X,Festival Launch,India-Central,Hinglish,Customer,0
SM00177,2026-07-15 06:08,Facebook,Not acceptable: tracking update has made the whole experience difficult.,31,24,2,1,887,AirBeat Pro,Festival Launch,India-North,English,Community member,0
SM01270,2026-07-15 06:19,Instagram,Finally a product where the tracking update delivers what was promised.,15,8,2,1,496,HomeHub Mini,Festival Launch,India-West,English,Customer,0
SM00283,2026-07-15 07:15,YouTube,Update: I received information about the value for money.,11,7,2,0,491,AirBeat Pro,Creator Collab,India-West,English,Prospect,0
SM00339,2026-07-15 07:51,X,Disappointed with the camera feature for NovaPhone X. This needs fixing.,41,27,4,2,250,NovaPhone X,None,India-West,English,Customer,0
SM00240,2026-07-15 08:04,Facebook,Disappointed with the delivery delay for AirBeat Pro. This needs fixing.,20,4,2,4,329,AirBeat Pro,Always-on,India-North,English,Prospect,0
SM00641,2026-07-15 10:11,Instagram,"Great features, terrible delivery promise. I am genuinely undecided.",22,14,1,2,451,NovaPhone X,Always-on,India-East,English,Customer,0
SM01241,2026-07-15 12:17,Instagram,Disappointed with the late delivery for FitPulse Watch. This needs fixing.,19,11,4,0,775,FitPulse Watch,Creator Collab,India-South,English,Customer,0
SM01356,2026-07-15 12:47,X,"Great, another service centre. Exactly what customers needed. Overall kaafi useful hai.",27,17,2,2,825,FitPulse Watch,Always-on,India-North,Hinglish,Prospect,0
SM00501,2026-07-15 13:36,Instagram,Not acceptable: discount offer has made the whole experience difficult.,46,41,1,1,1112,NovaPhone X,Always-on,India-North,English,Creator,0
SM00530,2026-07-15 14:11,Facebook,Finally a product where the camera feature delivers what was promised. Kya kisi aur ko bhi hua?,42,35,2,1,581,HomeHub Mini,Festival Launch,India-South,Hinglish,Customer,0
SM00809,2026-07-15 14:36,LinkedIn,Does anyone know how the product quality works for AirBeat Pro?,10,2,4,0,680,AirBeat Pro,None,India-North,English,Customer,0
SM01011,2026-07-15 14:49,X,The latest post mentions durability for FitPulse Watch.,21,6,3,3,534,FitPulse Watch,Always-on,India-West,English,Customer,0
SM01191,2026-07-15 15:28,X,I expected better from AirBeat Pro; the customer service is a serious problem.,15,10,1,1,850,AirBeat Pro,None,India-North,English,Customer,0
SM01247,2026-07-15 15:56,YouTube,The package arrived is excellent. I would recommend AirBeat Pro. Please jaldi resolve karo.,10,8,1,0,114,AirBeat Pro,None,India-Central,Hinglish,Creator,0
SM00826,2026-07-15 16:10,Instagram,"The product is good overall, although the replacement process needs improvement.",23,10,2,3,437,NovaPhone X,Festival Launch,India-Central,English,Prospect,0
SM01256,2026-07-15 17:46,X,Does anyone know how the tracking update works for FitPulse Watch?,28,25,0,1,691,FitPulse Watch,Festival Launch,India-North,English,Prospect,0
SM01147,2026-07-15 17:51,Instagram,Great job on the voice control. This upgrade feels worth it.,15,9,0,2,461,AirBeat Pro,Festival Launch,India-East,English,Customer,0
SM01177,2026-07-15 18:31,Instagram,Finally a product where the app usability delivers what was promised. Please jaldi resolve karo.,62,49,2,3,439,NovaPhone X,None,India-Central,Hinglish,Prospect,0
SM00196,2026-07-15 18:31,Instagram,Great job on the sound quality. This upgrade feels worth it.,14,9,1,1,157,NovaPhone X,Festival Launch,India-East,English,Customer,0
SM00723,2026-07-15 19:02,Facebook,Love spending my day chasing a battery quality. Brilliant.,14,4,2,2,473,FitPulse Watch,Always-on,India-South,English,Community member,0
SM00400,2026-07-15 21:03,Instagram,The latest post mentions battery life for NovaPhone X.,15,6,3,1,341,NovaPhone X,Festival Launch,India-East,English,Prospect,0
SM01526,2026-07-15 21:35,LinkedIn,Please resolve the support response. This is affecting whether I buy again.,28,18,2,2,265,NovaPhone X,Always-on,India-Central,English,Community member,0
SM00331,2026-07-15 21:47,YouTube,The latest post mentions product quality for NovaPhone X.,24,7,4,3,354,NovaPhone X,None,India-East,English,Customer,0
SM00271,2026-07-16 00:27,Instagram,The latest post mentions build quality for AirBeat Pro.,16,2,4,2,640,AirBeat Pro,Always-on,India-North,English,Creator,0
SM00377,2026-07-16 01:55,Reddit,Not acceptable: build quality has made the whole experience difficult.,33,11,5,4,759,NovaPhone X,Always-on,India-South,English,Customer,0
SM00289,2026-07-16 02:04,Instagram,The package arrived is excellent. I would recommend FitPulse Watch.,21,7,4,2,554,FitPulse Watch,Always-on,India-North,English,Customer,1
SM00369,2026-07-16 04:43,X,Finally a product where the health tracking delivers what was promised. Overall kaafi useful hai.,40,33,2,1,745,AirBeat Pro,None,India-North,Hinglish,Creator,0
SM01010,2026-07-16 05:51,Facebook,The replacement process is excellent. I would recommend AirBeat Pro.,7,3,2,0,491,AirBeat Pro,None,India-North,English,Prospect,0
SM00352,2026-07-16 06:38,X,Please resolve the festival deal. This is affecting whether I buy again.,24,4,7,2,672,HomeHub Mini,Service Update,India-North,English,Customer,0
SM01239,2026-07-16 08:48,Instagram,Comparing NovaPhone X mainly on festival deal. Any first-hand feedback?,6,1,1,1,439,NovaPhone X,None,India-West,English,Customer,0
SM00995,2026-07-16 09:59,YouTube,Loving the AirBeat Pro; the package arrived works better than expected. Please jaldi resolve karo.,22,10,3,2,753,AirBeat Pro,None,India-Central,Hinglish,Customer,0
SM01119,2026-07-16 10:13,Instagram,Great job on the replacement process. This upgrade feels worth it.,22,11,1,3,852,AirBeat Pro,None,India-Central,English,Customer,0
SM00239,2026-07-16 11:45,X,Disappointed with the tracking update for AirBeat Pro. This needs fixing.,21,10,4,1,599,AirBeat Pro,None,India-South,English,Prospect,0
SM01505,2026-07-16 12:15,Instagram,FitPulse Watch absolutely slaps when it comes to tracking update.,17,6,1,3,260,FitPulse Watch,Always-on,India-East,English,Customer,0
SM01424,2026-07-16 12:41,Instagram,Happy with performance but unhappy about the late delivery.,15,2,2,3,134,HomeHub Mini,Creator Collab,India-West,English,Customer,0
SM00616,2026-07-16 13:23,Instagram,Please resolve the pricing. This is affecting whether I buy again.,38,28,2,2,985,HomeHub Mini,None,India-North,English,Customer,0
SM01405,2026-07-16 13:27,YouTube,"Love the design of NovaPhone X, but the product quality is disappointing.",14,7,2,1,102,NovaPhone X,Always-on,India-South,English,Customer,0
SM01002,2026-07-16 13:51,YouTube,Loving the FitPulse Watch; the new feature works better than expected.,18,11,2,1,603,FitPulse Watch,None,India-East,English,Prospect,0
SM00124,2026-07-16 17:26,Reddit,Happy with performance but unhappy about the health tracking.,53,44,3,1,805,AirBeat Pro,Always-on,India-South,English,Customer,0
SM00712,2026-07-16 17:32,YouTube,The latest post mentions support response for FitPulse Watch.,9,7,1,0,644,FitPulse Watch,Creator Collab,India-East,English,Creator,0
SM00875,2026-07-16 17:34,X,Update: I received information about the late delivery. Please jaldi resolve karo.,23,1,5,4,656,NovaPhone X,None,India-North,Hinglish,Customer,0
SM00398,2026-07-16 20:50,Reddit,Not acceptable: replacement process has made the whole experience difficult.,3,3,0,0,552,AirBeat Pro,Always-on,India-West,English,Customer,0
SM00884,2026-07-16 22:04,Instagram,"Great features, terrible package arrived. I am genuinely undecided.",46,37,3,1,1069,AirBeat Pro,None,India-North,English,Community member,0
SM00787,2026-07-16 22:21,X,Really impressed with the late delivery on my NovaPhone X. Smooth experience!,10,3,2,1,448,NovaPhone X,Festival Launch,India-West,English,Creator,1
SM00698,2026-07-16 23:46,YouTube,Not acceptable: new feature has made the whole experience difficult.,43,31,3,2,855,HomeHub Mini,Always-on,India-North,English,Customer,0
SM00720,2026-07-17 03:37,LinkedIn,Really impressed with the service centre on my AirBeat Pro. Smooth experience!,19,8,1,3,610,AirBeat Pro,Creator Collab,India-North,English,Prospect,0
SM01488,2026-07-17 04:18,Instagram,The support response is frustrating. Still waiting for a proper response.,28,20,4,0,302,NovaPhone X,None,India-Central,English,Customer,0
SM00840,2026-07-17 06:34,X,The battery life is frustrating. Still waiting for a proper response.,13,3,5,0,515,FitPulse Watch,None,India-Central,English,Customer,0
SM01057,2026-07-17 06:46,X,I expected better from AirBeat Pro; the health tracking is a serious problem.,15,9,3,0,815,AirBeat Pro,Creator Collab,India-Central,English,Customer,0
SM00300,2026-07-17 08:04,Reddit,Please resolve the late delivery. This is affecting whether I buy again.,7,7,0,0,456,HomeHub Mini,Always-on,India-Central,English,Customer,0
SM01543,2026-07-17 09:11,Instagram,Please resolve the battery quality. This is affecting whether I buy again.,11,9,1,0,391,NovaPhone X,None,India-East,English,Customer,1
SM00607,2026-07-17 09:27,X,I expected better from NovaPhone X; the service centre is a serious problem.,38,24,4,2,497,NovaPhone X,Festival Launch,India-West,English,Customer,0
SM00567,2026-07-17 09:50,Instagram,Happy with performance but unhappy about the value for money.,13,4,3,1,519,AirBeat Pro,Festival Launch,India-Central,English,Prospect,0
SM01434,2026-07-17 11:39,YouTube,Not acceptable: new feature has made the whole experience difficult.,20,10,2,2,184,FitPulse Watch,Festival Launch,India-East,English,Customer,0
SM00867,2026-07-17 11:55,Instagram,Not acceptable: pricing has made the whole experience difficult.,38,13,5,5,133,NovaPhone X,None,India-North,English,Customer,0
SM00001,2026-07-17 12:01,Reddit,Please resolve the voice control. This is affecting whether I buy again.,35,30,1,1,917,NovaPhone X,Festival Launch,India-West,English,Customer,0
SM00175,2026-07-17 12:21,Facebook,The latest post mentions refund help for NovaPhone X.,11,0,1,3,474,NovaPhone X,Festival Launch,India-Central,English,Prospect,0
SM00845,2026-07-17 12:34,X,Finally a product where the interface delivers what was promised.,14,2,3,2,189,NovaPhone X,Always-on,India-North,English,Community member,0
SM00565,2026-07-17 12:45,Reddit,The latest post mentions camera feature for NovaPhone X.,9,5,2,0,790,NovaPhone X,Always-on,India-South,English,Prospect,1
SM00009,2026-07-17 14:31,Facebook,Not acceptable: value for money has made the whole experience difficult.,8,2,3,0,504,FitPulse Watch,Always-on,India-West,English,Customer,0
SM00093,2026-07-17 15:37,LinkedIn,"The high price is sick, honestly a solid update.",12,6,3,0,203,HomeHub Mini,Service Update,India-South,English,Customer,0
SM01303,2026-07-17 15:43,Instagram,Great job on the replacement process. This upgrade feels worth it.,12,6,3,0,168,NovaPhone X,Festival Launch,India-West,English,Customer,0
SM00895,2026-07-17 19:14,YouTube,The latest post mentions discount offer for NovaPhone X.,37,20,4,3,345,NovaPhone X,None,India-Central,English,Creator,1
SM01363,2026-07-17 19:53,YouTube,Update: I received information about the delivery delay. Overall kaafi useful hai.,99,97,1,0,941,HomeHub Mini,Creator Collab,India-North,Hinglish,Community member,0
SM00668,2026-07-17 20:57,YouTube,Great job on the pricing. This upgrade feels worth it.,16,12,2,0,468,HomeHub Mini,Festival Launch,India-East,English,Prospect,0
SM00747,2026-07-17 22:30,Instagram,"Love the design of FitPulse Watch, but the discount offer is disappointing.",9,2,2,1,459,FitPulse Watch,Service Update,India-East,English,Prospect,0
SM01146,2026-07-17 23:18,Instagram,Loving the NovaPhone X; the new feature works better than expected.,19,9,2,2,472,NovaPhone X,Service Update,India-North,English,Customer,0
SM00946,2026-07-17 23:36,X,Really impressed with the replacement process on my NovaPhone X. Smooth experience!,17,11,0,2,779,NovaPhone X,None,India-West,English,Prospect,0
SM00016,2026-07-17 23:38,LinkedIn,Loving the NovaPhone X; the support response works better than expected.,42,38,2,0,472,NovaPhone X,None,India-East,English,Customer,0
SM00065,2026-07-17 23:58,Reddit,Disappointed with the package arrived for AirBeat Pro. This needs fixing.,17,6,4,1,602,AirBeat Pro,Always-on,India-Central,English,Customer,0
SM00222,2026-07-18 01:13,Instagram,Update: I received information about the delivery delay.,28,8,7,2,739,HomeHub Mini,Service Update,India-North,English,Creator,0
SM00839,2026-07-18 02:14,YouTube,Great job on the health tracking. This upgrade feels worth it.,47,40,2,1,477,FitPulse Watch,Creator Collab,India-Central,English,Customer,0
SM00464,2026-07-18 02:24,Reddit,Love spending my day chasing a high price. Brilliant.,9,4,1,1,235,FitPulse Watch,Creator Collab,India-West,English,Community member,0
SM00934,2026-07-18 04:21,LinkedIn,The delivery delay is excellent. I would recommend HomeHub Mini.,14,1,5,1,131,HomeHub Mini,Festival Launch,India-South,English,Community member,0
SM01027,2026-07-18 05:11,Instagram,Not acceptable: pairing process has made the whole experience difficult.,21,16,1,1,226,NovaPhone X,Always-on,India-West,English,Customer,0
SM01295,2026-07-18 06:30,Reddit,Disappointed with the battery life for NovaPhone X. This needs fixing.,15,11,2,0,537,NovaPhone X,Always-on,India-South,English,Customer,0
SM00907,2026-07-18 09:20,X,Really impressed with the discount offer on my HomeHub Mini. Smooth experience!,33,24,0,3,352,HomeHub Mini,Service Update,India-West,English,Customer,0
SM01547,2026-07-18 09:52,X,Really impressed with the battery quality on my HomeHub Mini. Smooth experience!,7,3,2,0,134,HomeHub Mini,Creator Collab,India-East,English,Customer,0
SM00625,2026-07-18 11:08,Instagram,Update: I received information about the pricing.,26,15,4,1,827,HomeHub Mini,Festival Launch,India-North,English,Community member,0
SM00900,2026-07-18 12:03,X,Finally a product where the customer service delivers what was promised.,70,61,3,1,745,NovaPhone X,Festival Launch,India-East,English,Prospect,0
SM00910,2026-07-18 13:45,YouTube,Loving the AirBeat Pro; the battery quality works better than expected.,10,3,2,1,525,AirBeat Pro,Creator Collab,India-East,English,Prospect,0
SM01046,2026-07-18 14:40,Facebook,Disappointed with the checkout experience for AirBeat Pro. This needs fixing.,67,56,1,3,1211,AirBeat Pro,Service Update,India-North,English,Customer,0
SM01171,2026-07-18 14:45,YouTube,Loving the HomeHub Mini; the delivery promise works better than expected. Paisa vasool lag raha hai.,32,21,4,1,612,HomeHub Mini,None,India-South,Hinglish,Customer,0
SM01590,2026-07-18 15:08,X,Does anyone know how the battery life works for HomeHub Mini?,9,3,3,0,150,HomeHub Mini,Creator Collab,India-Central,English,Prospect,0
SM00843,2026-07-18 16:17,LinkedIn,I expected better from NovaPhone X; the delivery promise is a serious problem. Please jaldi resolve karo.,15,5,2,2,536,NovaPhone X,Always-on,India-West,Hinglish,Customer,1
SM01600,2026-07-18 18:23,Instagram,Disappointed with the service centre for HomeHub Mini. This needs fixing.,21,11,2,2,133,HomeHub Mini,Service Update,India-West,English,Customer,0
SM01219,2026-07-18 20:32,Reddit,Not acceptable: high price has made the whole experience difficult.,7,1,3,0,479,NovaPhone X,None,India-West,English,Community member,0
SM01570,2026-07-18 21:47,Facebook,Please resolve the delivery delay. This is affecting whether I buy again.,17,5,3,2,336,AirBeat Pro,Creator Collab,India-North,English,Prospect,0
SM00038,2026-07-19 01:24,X,Does anyone know how the value for money works for AirBeat Pro?,16,5,4,1,315,AirBeat Pro,None,India-East,English,Community member,0
SM00438,2026-07-19 03:47,X,"The product is good overall, although the delivery delay needs improvement.",16,7,3,1,823,NovaPhone X,Creator Collab,India-East,English,Creator,0
SM00233,2026-07-19 04:28,X,Does anyone know how the pairing process works for HomeHub Mini?,42,40,1,0,1082,HomeHub Mini,Festival Launch,India-South,English,Customer,0
SM00532,2026-07-19 04:44,X,The durability is excellent. I would recommend NovaPhone X.,38,24,4,2,848,NovaPhone X,Service Update,India-West,English,Prospect,0
SM00882,2026-07-19 05:30,X,Finally a product where the replacement process delivers what was promised.,37,24,2,3,655,HomeHub Mini,Festival Launch,India-South,English,Creator,0
SM00704,2026-07-19 05:59,Reddit,The latest post mentions interface for NovaPhone X.,11,4,2,1,609,NovaPhone X,Always-on,India-North,English,Prospect,0
SM01291,2026-07-19 06:57,LinkedIn,Please resolve the festival deal. This is affecting whether I buy again.,19,14,1,1,206,NovaPhone X,None,India-North,English,Customer,0
SM00626,2026-07-19 07:10,Reddit,Update: I received information about the pricing. Kya kisi aur ko bhi hua?,13,9,2,0,520,AirBeat Pro,Creator Collab,India-Central,Hinglish,Customer,0
SM00423,2026-07-19 08:24,YouTube,"Great, another product quality. Exactly what customers needed. Paisa vasool lag raha hai.",9,7,1,0,317,AirBeat Pro,Festival Launch,India-South,Hinglish,Customer,0
SM01384,2026-07-19 09:17,Facebook,Fantastic service: still dealing with the easy setup.,11,6,1,1,409,AirBeat Pro,None,India-Central,English,Creator,0
SM01093,2026-07-19 09:17,X,The festival deal is excellent. I would recommend NovaPhone X.,17,11,3,0,462,NovaPhone X,Service Update,India-West,English,Creator,0
SM01599,2026-07-19 11:04,X,Finally a product where the camera feature delivers what was promised.,34,8,4,6,628,FitPulse Watch,Festival Launch,India-East,English,Customer,0
SM00406,2026-07-19 11:42,X,Loving the HomeHub Mini; the battery life works better than expected.,24,12,3,2,656,HomeHub Mini,Creator Collab,India-Central,English,Customer,0
SM01012,2026-07-19 13:14,LinkedIn,Really impressed with the service centre on my AirBeat Pro. Smooth experience!,10,10,0,0,843,AirBeat Pro,Festival Launch,India-Central,English,Customer,0
SM00832,2026-07-19 16:46,X,Comparing AirBeat Pro mainly on tracking update. Any first-hand feedback?,22,20,1,0,550,AirBeat Pro,None,India-East,English,Customer,0
SM00784,2026-07-19 19:07,Reddit,I expected better from FitPulse Watch; the service centre is a serious problem.,15,6,3,1,675,FitPulse Watch,Always-on,India-North,English,Customer,0
SM01059,2026-07-19 19:11,Instagram,"The service centre is sick, honestly a solid update.",17,8,3,1,536,NovaPhone X,Creator Collab,India-West,English,Community member,0
SM01320,2026-07-19 19:21,X,Happy with performance but unhappy about the service centre.,94,73,3,5,784,FitPulse Watch,Always-on,India-Central,English,Prospect,0
SM01167,2026-07-19 19:58,Reddit,Update: I received information about the discount offer. Kya kisi aur ko bhi hua?,19,7,6,0,633,AirBeat Pro,Always-on,India-South,Hinglish,Creator,0
SM01330,2026-07-19 20:34,YouTube,Update: I received information about the delivery promise. Paisa vasool lag raha hai.,10,6,2,0,367,AirBeat Pro,Festival Launch,India-South,Hinglish,Customer,0
SM00842,2026-07-19 20:43,Facebook,Does anyone know how the replacement process works for AirBeat Pro?,7,5,1,0,509,AirBeat Pro,Creator Collab,India-East,English,Prospect,0
SM00165,2026-07-19 22:04,Instagram,Loving the AirBeat Pro; the support response works better than expected.,26,15,4,1,541,AirBeat Pro,Creator Collab,India-Central,English,Customer,0
SM01078,2026-07-19 22:24,YouTube,I expected better from HomeHub Mini; the pairing process is a serious problem.,15,6,3,1,692,HomeHub Mini,Always-on,India-West,English,Community member,0
SM00350,2026-07-19 22:24,YouTube,I expected better from FitPulse Watch; the easy setup is a serious problem.,21,11,2,2,825,FitPulse Watch,None,India-North,English,Prospect,0
SM00687,2026-07-19 22:25,Reddit,Looking for details on refund help before deciding.,14,7,2,1,537,NovaPhone X,None,India-East,English,Community member,0
SM00994,2026-07-19 22:45,YouTube,"Love the design of AirBeat Pro, but the tracking update is disappointing. Overall kaafi useful hai.",32,26,3,0,304,AirBeat Pro,Creator Collab,India-West,Hinglish,Creator,0
SM00983,2026-07-19 23:56,Instagram,Great job on the build quality. This upgrade feels worth it. Overall kaafi useful hai.,17,7,2,2,519,HomeHub Mini,Festival Launch,India-South,Hinglish,Customer,0
SM00906,2026-07-20 00:04,X,Great job on the support response. This upgrade feels worth it.,50,31,5,3,734,AirBeat Pro,None,India-Central,English,Customer,0
SM01322,2026-07-20 00:13,LinkedIn,Fantastic service: still dealing with the value for money. Please jaldi resolve karo.,28,18,5,0,280,NovaPhone X,Festival Launch,India-North,Hinglish,Creator,0
SM01441,2026-07-20 00:43,Reddit,The service centre is frustrating. Still waiting for a proper response.,23,19,2,0,706,HomeHub Mini,None,India-Central,English,Prospect,0
SM00984,2026-07-20 00:59,YouTube,"Great, another delivery promise. Exactly what customers needed.",32,30,1,0,520,FitPulse Watch,Creator Collab,India-East,English,Customer,0
SM01281,2026-07-20 02:25,LinkedIn,Looking for details on interface before deciding.,16,12,2,0,493,AirBeat Pro,Always-on,India-North,English,Creator,0
SM01440,2026-07-20 02:40,Instagram,The customer service is frustrating. Still waiting for a proper response.,22,10,3,2,543,HomeHub Mini,None,India-North,English,Prospect,0
SM00581,2026-07-20 03:01,Reddit,I expected better from NovaPhone X; the voice control is a serious problem.,30,22,4,0,565,NovaPhone X,Always-on,India-North,English,Prospect,0
SM00424,2026-07-20 04:03,YouTube,I expected better from HomeHub Mini; the pricing is a serious problem.,31,29,1,0,887,HomeHub Mini,Festival Launch,India-Central,English,Customer,0
SM01081,2026-07-20 04:03,Instagram,Comparing NovaPhone X mainly on discount offer. Any first-hand feedback?,34,15,5,3,901,NovaPhone X,Creator Collab,India-South,English,Customer,0
SM00072,2026-07-20 04:31,Facebook,The latest post mentions high price for NovaPhone X.,58,47,4,1,495,NovaPhone X,Festival Launch,India-North,English,Community member,0
SM01563,2026-07-20 05:22,Reddit,Please resolve the customer service. This is affecting whether I buy again.,50,36,1,4,927,NovaPhone X,None,India-East,English,Community member,0
SM00341,2026-07-20 05:46,X,The easy setup is frustrating. Still waiting for a proper response.,25,19,3,0,896,NovaPhone X,Service Update,India-South,English,Creator,0
SM01588,2026-07-20 07:28,Reddit,Disappointed with the support response for NovaPhone X. This needs fixing. Paisa vasool lag raha hai.,31,25,0,2,361,NovaPhone X,Always-on,India-West,Hinglish,Customer,0
SM01404,2026-07-20 08:47,X,"Great, another health tracking. Exactly what customers needed.",19,6,5,1,775,NovaPhone X,None,India-South,English,Customer,0
SM01464,2026-07-20 09:07,LinkedIn,Not acceptable: value for money has made the whole experience difficult.,15,13,1,0,717,FitPulse Watch,Festival Launch,India-Central,English,Customer,0
SM01030,2026-07-20 09:18,Reddit,Does anyone know how the build quality works for AirBeat Pro?,8,4,2,0,75,AirBeat Pro,Service Update,India-North,English,Customer,0
SM01559,2026-07-20 10:19,Reddit,Comparing AirBeat Pro mainly on package arrived. Any first-hand feedback?,10,6,2,0,213,AirBeat Pro,Service Update,India-West,English,Customer,0
SM00650,2026-07-20 14:52,Instagram,I expected better from AirBeat Pro; the support response is a serious problem.,25,22,0,1,568,AirBeat Pro,None,India-East,English,Customer,0
SM00178,2026-07-20 18:35,Reddit,AirBeat Pro absolutely slaps when it comes to discount offer.,16,3,2,3,822,AirBeat Pro,None,India-East,English,Prospect,0
SM00040,2026-07-20 21:21,YouTube,Disappointed with the delivery promise for HomeHub Mini. This needs fixing.,24,20,2,0,280,HomeHub Mini,None,India-Central,English,Community member,0
SM00366,2026-07-20 22:18,YouTube,"The pairing process is sick, honestly a solid update.",16,5,1,3,216,AirBeat Pro,None,India-East,English,Customer,0
SM00477,2026-07-20 23:27,Facebook,Please resolve the product quality. This is affecting whether I buy again.,19,14,1,1,578,NovaPhone X,Festival Launch,India-East,English,Customer,0
SM00206,2026-07-20 23:59,Facebook,Really impressed with the battery quality on my AirBeat Pro. Smooth experience! Kya kisi aur ko bhi hua?,14,7,2,1,455,AirBeat Pro,Festival Launch,India-South,Hinglish,Customer,0
SM00470,2026-07-21 00:19,YouTube,Please resolve the camera feature. This is affecting whether I buy again.,12,1,4,1,305,HomeHub Mini,Creator Collab,India-South,English,Customer,0
SM00270,2026-07-21 00:37,Instagram,Looking for details on delivery delay before deciding.,14,2,3,2,234,NovaPhone X,Festival Launch,India-West,English,Community member,0
SM00969,2026-07-21 00:48,YouTube,I expected better from AirBeat Pro; the package arrived is a serious problem.,20,12,1,2,887,AirBeat Pro,Service Update,India-South,English,Prospect,0
SM01123,2026-07-21 01:21,Reddit,The latest post mentions health tracking for FitPulse Watch. Overall kaafi useful hai.,26,13,2,3,815,FitPulse Watch,None,India-Central,Hinglish,Prospect,1
SM01323,2026-07-21 03:24,Reddit,AirBeat Pro absolutely slaps when it comes to easy setup.,29,23,3,0,356,AirBeat Pro,None,India-North,English,Customer,0
SM00287,2026-07-21 04:02,Reddit,"Great, another battery life. Exactly what customers needed. Overall kaafi useful hai.",37,34,0,1,486,HomeHub Mini,Service Update,India-West,Hinglish,Customer,0
SM01435,2026-07-21 05:16,X,Comparing NovaPhone X mainly on refund help. Any first-hand feedback?,10,3,2,1,630,NovaPhone X,Always-on,India-South,English,Community member,0
SM01254,2026-07-21 07:22,Instagram,Disappointed with the support response for AirBeat Pro. This needs fixing.,11,2,3,1,284,AirBeat Pro,Always-on,India-South,English,Customer,0
SM00434,2026-07-21 07:53,Instagram,The service centre is frustrating. Still waiting for a proper response.,18,10,1,2,497,NovaPhone X,Festival Launch,India-West,English,Customer,1
SM00982,2026-07-21 08:33,Instagram,The festival deal is excellent. I would recommend AirBeat Pro.,12,1,4,1,263,AirBeat Pro,Festival Launch,India-North,English,Customer,0
SM01105,2026-07-21 09:46,YouTube,Please resolve the interface. This is affecting whether I buy again. Overall kaafi useful hai.,18,10,1,2,475,NovaPhone X,Always-on,India-South,Hinglish,Customer,0
SM00636,2026-07-21 12:39,LinkedIn,Really impressed with the interface on my NovaPhone X. Smooth experience!,61,58,0,1,1189,NovaPhone X,Creator Collab,India-Central,English,Prospect,0
SM01255,2026-07-21 12:51,Reddit,Looking for details on value for money before deciding.,14,2,3,2,141,HomeHub Mini,Creator Collab,India-West,English,Customer,0
SM00256,2026-07-21 14:52,Instagram,Looking for details on delivery promise before deciding. Kya kisi aur ko bhi hua?,14,10,2,0,181,AirBeat Pro,Always-on,India-North,Hinglish,Prospect,0
SM01387,2026-07-21 16:10,YouTube,"The product is good overall, although the delivery promise needs improvement.",21,13,1,2,820,AirBeat Pro,None,India-Central,English,Customer,0
SM01501,2026-07-21 23:22,Instagram,Happy with performance but unhappy about the service centre.,27,10,4,3,185,FitPulse Watch,None,India-West,English,Customer,0
SM01233,2026-07-21 23:56,Instagram,Great job on the refund help. This upgrade feels worth it.,15,6,3,1,269,NovaPhone X,Festival Launch,India-West,English,Customer,0
SM00864,2026-07-22 00:22,Instagram,The tracking update is excellent. I would recommend AirBeat Pro. Overall kaafi useful hai.,22,15,2,1,334,AirBeat Pro,Creator Collab,India-North,Hinglish,Customer,0
SM01408,2026-07-22 03:27,YouTube,"Love the design of AirBeat Pro, but the build quality is disappointing.",35,24,4,1,783,AirBeat Pro,None,India-West,English,Customer,0
SM00786,2026-07-22 03:29,Reddit,Happy with performance but unhappy about the battery quality.,26,19,2,1,912,AirBeat Pro,Service Update,India-North,English,Community member,0
SM00752,2026-07-22 04:59,Reddit,Not acceptable: durability has made the whole experience difficult. Kya kisi aur ko bhi hua?,47,40,2,1,939,FitPulse Watch,None,India-East,Hinglish,Creator,0
SM00830,2026-07-22 06:15,YouTube,Finally a product where the late delivery delivers what was promised.,45,41,2,0,1055,NovaPhone X,Service Update,India-South,English,Prospect,0
SM01240,2026-07-22 09:03,YouTube,Fantastic service: still dealing with the build quality.,21,9,0,4,543,HomeHub Mini,Creator Collab,India-Central,English,Customer,0
SM00017,2026-07-22 10:32,Facebook,Please resolve the sound quality. This is affecting whether I buy again.,24,22,1,0,679,NovaPhone X,Always-on,India-South,English,Customer,0
SM01346,2026-07-22 11:06,YouTube,Disappointed with the camera feature for FitPulse Watch. This needs fixing. Paisa vasool lag raha hai.,13,11,1,0,696,FitPulse Watch,Creator Collab,India-South,Hinglish,Customer,0
SM01311,2026-07-22 11:46,Reddit,Great job on the durability. This upgrade feels worth it.,86,79,2,1,1208,HomeHub Mini,Festival Launch,India-East,English,Creator,0
SM01512,2026-07-22 12:12,LinkedIn,Great job on the late delivery. This upgrade feels worth it.,13,3,2,2,449,NovaPhone X,Always-on,India-North,English,Community member,0
SM00872,2026-07-22 12:40,Facebook,Fantastic service: still dealing with the voice control.,51,31,4,4,1013,FitPulse Watch,None,India-East,English,Customer,0
SM01425,2026-07-22 13:33,Reddit,Looking for details on product quality before deciding.,16,6,2,2,242,FitPulse Watch,Festival Launch,India-South,English,Community member,0
SM00149,2026-07-22 14:51,YouTube,Finally a product where the package arrived delivers what was promised.,7,1,0,2,311,FitPulse Watch,Service Update,India-West,English,Customer,0
SM00413,2026-07-22 15:12,Reddit,"The product is good overall, although the pairing process needs improvement.",38,26,3,2,584,AirBeat Pro,Festival Launch,India-West,English,Community member,0
SM00951,2026-07-22 17:31,Reddit,Great job on the festival deal. This upgrade feels worth it.,31,19,3,2,633,FitPulse Watch,Creator Collab,India-South,English,Prospect,0
SM01265,2026-07-22 18:38,X,Great job on the late delivery. This upgrade feels worth it.,10,1,3,1,418,NovaPhone X,Festival Launch,India-Central,English,Customer,0
SM00338,2026-07-22 23:21,Instagram,"Great, another delivery promise. Exactly what customers needed.",22,15,2,1,621,HomeHub Mini,Service Update,India-Central,English,Community member,0
SM00849,2026-07-22 23:24,Facebook,Really impressed with the late delivery on my AirBeat Pro. Smooth experience!,33,21,3,2,284,AirBeat Pro,Festival Launch,India-South,English,Customer,0
SM00324,2026-07-22 23:50,Reddit,Finally a product where the delivery promise delivers what was promised.,25,17,4,0,849,NovaPhone X,Creator Collab,India-North,English,Creator,0
SM00018,2026-07-23 00:01,Reddit,Finally a product where the support response delivers what was promised. Paisa vasool lag raha hai.,4,4,0,0,88,NovaPhone X,None,India-Central,Hinglish,Customer,0
SM01461,2026-07-23 00:33,YouTube,Does anyone know how the voice control works for HomeHub Mini?,32,20,3,2,614,HomeHub Mini,Always-on,India-Central,English,Creator,0
SM00570,2026-07-23 01:37,Instagram,Comparing AirBeat Pro mainly on delivery delay. Any first-hand feedback?,37,18,8,1,179,AirBeat Pro,Always-on,India-Central,English,Creator,0
SM00505,2026-07-23 01:44,Instagram,The customer service is frustrating. Still waiting for a proper response.,9,1,1,2,248,NovaPhone X,Festival Launch,India-East,English,Community member,0
SM00275,2026-07-23 03:08,Facebook,"The product is good overall, although the health tracking needs improvement.",25,5,4,4,116,AirBeat Pro,None,India-North,English,Customer,0
SM01538,2026-07-23 04:02,Instagram,"Great, another product quality. Exactly what customers needed. Overall kaafi useful hai.",18,13,1,1,498,FitPulse Watch,Always-on,India-West,Hinglish,Community member,0
SM00896,2026-07-23 05:33,Facebook,The new feature is excellent. I would recommend NovaPhone X.,6,4,1,0,808,NovaPhone X,Festival Launch,India-Central,English,Creator,0
SM01514,2026-07-23 05:53,X,The support response is excellent. I would recommend NovaPhone X.,13,3,5,0,512,NovaPhone X,Festival Launch,India-East,English,Creator,0
SM00802,2026-07-23 07:26,Instagram,"The tracking update is sick, honestly a solid update.",15,10,1,1,147,NovaPhone X,Always-on,India-West,English,Prospect,0
SM00614,2026-07-23 08:10,Facebook,Looking for details on durability before deciding.,12,3,3,1,373,NovaPhone X,Creator Collab,India-North,English,Community member,0
SM01013,2026-07-23 08:41,Reddit,Great job on the voice control. This upgrade feels worth it. Paisa vasool lag raha hai.,62,51,1,3,1203,NovaPhone X,None,India-West,Hinglish,Customer,0
SM01128,2026-07-23 09:59,Instagram,The package arrived is frustrating. Still waiting for a proper response.,24,18,0,2,608,NovaPhone X,Service Update,India-North,English,Prospect,0
SM01132,2026-07-23 11:20,YouTube,Great job on the package arrived. This upgrade feels worth it.,5,2,0,1,403,NovaPhone X,None,India-East,English,Prospect,0
SM00076,2026-07-23 12:28,YouTube,The tracking update is frustrating. Still waiting for a proper response.,11,2,3,1,402,NovaPhone X,None,India-South,English,Community member,0
SM00575,2026-07-23 13:20,LinkedIn,"Love the design of FitPulse Watch, but the discount offer is disappointing.",21,11,2,2,671,FitPulse Watch,Always-on,India-East,English,Customer,0
SM01314,2026-07-23 13:24,Instagram,Loving the NovaPhone X; the delivery delay works better than expected. Paisa vasool lag raha hai.,45,31,1,4,322,NovaPhone X,Festival Launch,India-South,Hinglish,Creator,0
SM00179,2026-07-23 13:56,Facebook,Great job on the refund help. This upgrade feels worth it.,22,18,2,0,564,NovaPhone X,Always-on,India-West,English,Community member,0
SM00783,2026-07-23 14:17,Reddit,AirBeat Pro absolutely slaps when it comes to battery quality.,13,2,1,3,734,AirBeat Pro,Festival Launch,India-Central,English,Customer,0
SM00440,2026-07-23 15:39,Facebook,Disappointed with the battery life for HomeHub Mini. This needs fixing.,75,73,1,0,1027,HomeHub Mini,Always-on,India-North,English,Customer,0
SM00347,2026-07-23 17:36,YouTube,The discount offer is frustrating. Still waiting for a proper response. Paisa vasool lag raha hai.,7,2,1,1,504,NovaPhone X,Festival Launch,India-West,Hinglish,Creator,0
SM00939,2026-07-23 17:51,Reddit,The latest post mentions pairing process for FitPulse Watch.,6,0,3,0,190,FitPulse Watch,Always-on,India-South,English,Creator,0
SM00006,2026-07-23 20:08,X,Loving the NovaPhone X; the discount offer works better than expected. Overall kaafi useful hai.,25,20,1,1,350,NovaPhone X,Always-on,India-South,Hinglish,Customer,0
SM01280,2026-07-23 22:37,Reddit,Not acceptable: interface has made the whole experience difficult.,28,9,5,3,354,NovaPhone X,None,India-West,English,Customer,0
SM00354,2026-07-23 23:00,Reddit,Love spending my day chasing a replacement process. Brilliant.,14,4,2,2,397,HomeHub Mini,Festival Launch,India-North,English,Community member,0
SM00446,2026-07-24 01:36,LinkedIn,Really impressed with the battery life on my AirBeat Pro. Smooth experience!,14,7,2,1,630,AirBeat Pro,Always-on,India-North,English,Community member,0
SM01153,2026-07-24 02:25,Reddit,Not acceptable: voice control has made the whole experience difficult. Kya kisi aur ko bhi hua?,21,10,1,3,690,HomeHub Mini,Always-on,India-North,Hinglish,Customer,0
SM00871,2026-07-24 02:49,LinkedIn,The festival deal is frustrating. Still waiting for a proper response.,9,0,3,1,731,AirBeat Pro,None,India-Central,English,Customer,0
SM01163,2026-07-24 03:02,Instagram,Disappointed with the delivery promise for NovaPhone X. This needs fixing.,31,14,4,3,270,NovaPhone X,Festival Launch,India-Central,English,Customer,0
SM01419,2026-07-24 03:22,X,Looking for details on product quality before deciding.,72,66,3,0,1058,AirBeat Pro,Creator Collab,India-East,English,Prospect,0
SM00751,2026-07-24 04:25,Facebook,Loving the FitPulse Watch; the health tracking works better than expected.,26,22,2,0,690,FitPulse Watch,Always-on,India-Central,English,Community member,0
SM01174,2026-07-24 04:54,Instagram,Comparing NovaPhone X mainly on festival deal. Any first-hand feedback?,7,3,2,0,551,NovaPhone X,Always-on,India-North,English,Customer,0
SM00230,2026-07-24 09:35,Instagram,Comparing FitPulse Watch mainly on tracking update. Any first-hand feedback?,16,7,3,1,684,FitPulse Watch,Festival Launch,India-South,English,Customer,0
SM00285,2026-07-24 10:03,X,Disappointed with the pairing process for AirBeat Pro. This needs fixing.,10,2,1,2,325,AirBeat Pro,Festival Launch,India-South,English,Customer,0
SM00448,2026-07-24 10:08,Instagram,The latest post mentions high price for HomeHub Mini.,22,12,2,2,777,HomeHub Mini,Always-on,India-North,English,Customer,0
SM00926,2026-07-24 10:55,Reddit,I expected better from NovaPhone X; the pricing is a serious problem.,32,29,0,1,845,NovaPhone X,None,India-South,English,Creator,0
SM00528,2026-07-24 12:00,Reddit,Really impressed with the interface on my AirBeat Pro. Smooth experience!,7,3,2,0,721,AirBeat Pro,None,India-West,English,Prospect,0
SM01566,2026-07-24 12:40,YouTube,Disappointed with the pricing for FitPulse Watch. This needs fixing.,13,1,3,2,793,FitPulse Watch,Creator Collab,India-Central,English,Prospect,0
SM01195,2026-07-24 16:47,YouTube,The latest post mentions pricing for AirBeat Pro.,83,76,2,1,1182,AirBeat Pro,None,India-North,English,Customer,0
SM01365,2026-07-24 16:48,X,Comparing HomeHub Mini mainly on support response. Any first-hand feedback?,24,7,7,1,712,HomeHub Mini,None,India-East,English,Customer,0
SM00258,2026-07-24 17:13,Facebook,FitPulse Watch absolutely slaps when it comes to pairing process.,14,5,3,1,765,FitPulse Watch,Always-on,India-Central,English,Prospect,0
SM00964,2026-07-24 18:07,Reddit,Please resolve the product quality. This is affecting whether I buy again.,10,6,2,0,735,NovaPhone X,None,India-East,English,Customer,0
SM01198,2026-07-24 18:40,LinkedIn,Comparing AirBeat Pro mainly on new feature. Any first-hand feedback?,4,4,0,0,816,AirBeat Pro,Always-on,India-South,English,Customer,0
SM01260,2026-07-24 19:30,Facebook,This build quality is fire. Did not expect it to be this good.,15,3,3,2,670,NovaPhone X,Service Update,India-South,English,Customer,0
SM01184,2026-07-24 19:38,Reddit,Looking for details on high price before deciding.,12,4,1,2,809,NovaPhone X,Service Update,India-East,English,Prospect,0
SM01287,2026-07-24 20:32,YouTube,Looking for details on checkout experience before deciding.,26,14,3,2,385,NovaPhone X,Creator Collab,India-Central,English,Community member,0
SM00496,2026-07-24 20:57,YouTube,Finally a product where the refund help delivers what was promised.,27,12,3,3,164,NovaPhone X,None,India-South,English,Prospect,0
SM00699,2026-07-24 21:03,X,Please resolve the sound quality. This is affecting whether I buy again.,18,6,3,2,331,NovaPhone X,None,India-South,English,Creator,0
SM00685,2026-07-24 22:01,Instagram,Looking for details on high price before deciding.,15,9,3,0,726,AirBeat Pro,Creator Collab,India-South,English,Creator,1
SM00623,2026-07-25 02:53,Reddit,The package arrived is frustrating. Still waiting for a proper response.,12,2,2,2,85,NovaPhone X,Creator Collab,India-Central,English,Customer,0
SM01463,2026-07-25 03:11,Facebook,Comparing HomeHub Mini mainly on service centre. Any first-hand feedback?,24,12,3,2,359,HomeHub Mini,Always-on,India-North,English,Prospect,0
SM00762,2026-07-25 05:27,X,Loving the NovaPhone X; the late delivery works better than expected.,45,35,2,2,381,NovaPhone X,Always-on,India-South,English,Customer,0
SM01428,2026-07-25 07:07,Instagram,I expected better from FitPulse Watch; the checkout experience is a serious problem.,55,38,4,3,572,FitPulse Watch,None,India-North,English,Creator,0
SM01564,2026-07-25 09:11,YouTube,"The app usability is sick, honestly a solid update.",45,30,6,1,326,NovaPhone X,None,India-North,English,Prospect,0
SM00217,2026-07-25 10:23,Facebook,I expected better from NovaPhone X; the pairing process is a serious problem.,16,2,4,2,145,NovaPhone X,Service Update,India-North,English,Creator,0
SM00700,2026-07-25 11:14,LinkedIn,The tracking update is frustrating. Still waiting for a proper response.,36,32,2,0,872,AirBeat Pro,Festival Launch,India-North,English,Customer,0
SM00236,2026-07-25 11:56,Reddit,I expected better from NovaPhone X; the support response is a serious problem.,18,11,2,1,823,NovaPhone X,Service Update,India-North,English,Customer,0
SM00309,2026-07-25 13:10,Reddit,Update: I received information about the delivery promise.,20,10,2,2,185,HomeHub Mini,None,India-Central,English,Customer,0
SM01391,2026-07-25 13:17,Instagram,Happy with performance but unhappy about the tracking update.,18,7,4,1,786,FitPulse Watch,Creator Collab,India-Central,English,Customer,0
SM00039,2026-07-25 13:35,Instagram,Loving the NovaPhone X; the support response works better than expected.,8,2,0,2,175,NovaPhone X,Festival Launch,India-North,English,Prospect,0
SM00272,2026-07-25 15:00,LinkedIn,Disappointed with the customer service for HomeHub Mini. This needs fixing.,14,10,2,0,595,HomeHub Mini,Festival Launch,India-North,English,Customer,0
SM00874,2026-07-25 17:26,Instagram,"The product is good overall, although the tracking update needs improvement.",12,0,3,2,451,NovaPhone X,Creator Collab,India-West,English,Customer,0
SM00877,2026-07-25 17:37,X,Great job on the replacement process. This upgrade feels worth it.,12,4,1,2,249,HomeHub Mini,Festival Launch,India-West,English,Customer,0
SM00790,2026-07-25 18:18,Reddit,Does anyone know how the durability works for NovaPhone X?,20,10,2,2,668,NovaPhone X,None,India-North,English,Community member,0
SM00595,2026-07-25 19:10,YouTube,"Great, another battery quality. Exactly what customers needed.",37,25,3,2,493,FitPulse Watch,Festival Launch,India-North,English,Customer,1
SM01328,2026-07-25 19:43,Instagram,Not acceptable: value for money has made the whole experience difficult.,25,21,2,0,324,NovaPhone X,None,India-West,English,Creator,0
SM01400,2026-07-25 20:18,X,The pricing is excellent. I would recommend FitPulse Watch. Paisa vasool lag raha hai.,69,60,3,1,747,FitPulse Watch,None,India-North,Hinglish,Customer,0
SM00036,2026-07-25 22:05,YouTube,Please resolve the easy setup. This is affecting whether I buy again.,19,6,5,1,110,AirBeat Pro,Festival Launch,India-East,English,Customer,0
SM00199,2026-07-25 22:46,X,Please resolve the refund help. This is affecting whether I buy again.,16,7,3,1,690,AirBeat Pro,None,India-West,English,Customer,0
SM00902,2026-07-26 01:41,YouTube,This product quality is fire. Did not expect it to be this good.,41,27,4,2,752,FitPulse Watch,None,India-North,English,Customer,0
SM01055,2026-07-26 02:08,Instagram,The product quality is excellent. I would recommend NovaPhone X.,23,13,5,0,261,NovaPhone X,Always-on,India-North,English,Customer,0
SM00305,2026-07-26 03:42,Reddit,The high price is excellent. I would recommend NovaPhone X.,19,10,3,1,602,NovaPhone X,Service Update,India-West,English,Prospect,0
SM00796,2026-07-26 04:52,Reddit,Great job on the battery quality. This upgrade feels worth it.,31,20,4,1,494,NovaPhone X,Creator Collab,India-Central,English,Prospect,0
SM00170,2026-07-26 05:27,Facebook,The product quality is frustrating. Still waiting for a proper response.,22,18,2,0,402,NovaPhone X,Festival Launch,India-Central,English,Customer,0
SM00318,2026-07-26 06:15,Instagram,I expected better from AirBeat Pro; the build quality is a serious problem.,10,5,1,1,806,AirBeat Pro,Always-on,India-West,English,Customer,1
SM00756,2026-07-26 07:15,YouTube,Finally a product where the sound quality delivers what was promised.,15,5,2,2,686,HomeHub Mini,Festival Launch,India-South,English,Customer,0
SM00935,2026-07-26 08:39,Instagram,Really impressed with the durability on my NovaPhone X. Smooth experience!,36,27,3,1,586,NovaPhone X,Festival Launch,India-Central,English,Customer,0
SM00765,2026-07-26 09:06,X,The latest post mentions tracking update for FitPulse Watch.,37,29,4,0,374,FitPulse Watch,Always-on,India-North,English,Prospect,0
SM00702,2026-07-26 10:01,YouTube,Great job on the durability. This upgrade feels worth it. Please jaldi resolve karo.,31,21,2,2,293,NovaPhone X,Always-on,India-South,Hinglish,Prospect,0
SM00703,2026-07-26 11:10,Facebook,I expected better from NovaPhone X; the battery quality is a serious problem. Please jaldi resolve karo.,17,12,1,1,482,NovaPhone X,Always-on,India-East,Hinglish,Customer,1
SM00113,2026-07-26 12:15,Facebook,Comparing HomeHub Mini mainly on sound quality. Any first-hand feedback?,47,39,1,2,505,HomeHub Mini,None,India-West,English,Customer,1
SM01480,2026-07-26 12:47,YouTube,Finally a product where the pricing delivers what was promised.,28,21,2,1,553,NovaPhone X,None,India-Central,English,Customer,0
SM01121,2026-07-26 13:08,Facebook,Loving the AirBeat Pro; the product quality works better than expected.,120,113,2,1,1369,AirBeat Pro,None,India-East,English,Customer,0
SM01308,2026-07-26 13:33,YouTube,The latest post mentions package arrived for HomeHub Mini. Overall kaafi useful hai.,31,26,1,1,590,HomeHub Mini,Festival Launch,India-North,Hinglish,Creator,0
SM00860,2026-07-26 15:29,Reddit,Not acceptable: support response has made the whole experience difficult. Overall kaafi useful hai.,24,10,4,2,246,AirBeat Pro,Creator Collab,India-Central,Hinglish,Customer,0
SM01250,2026-07-26 15:39,Reddit,Update: I received information about the delivery promise. Kya kisi aur ko bhi hua?,12,6,0,2,603,FitPulse Watch,Festival Launch,India-South,Hinglish,Customer,0
SM01159,2026-07-26 15:56,Instagram,Really impressed with the discount offer on my AirBeat Pro. Smooth experience!,9,4,1,1,806,AirBeat Pro,Creator Collab,India-North,English,Customer,0
SM00084,2026-07-26 17:12,LinkedIn,Loving the HomeHub Mini; the delivery promise works better than expected.,16,1,6,1,366,HomeHub Mini,Creator Collab,India-West,English,Customer,0
SM00893,2026-07-26 17:29,YouTube,Loving the NovaPhone X; the build quality works better than expected.,18,9,3,1,217,NovaPhone X,Creator Collab,India-East,English,Customer,0
SM01215,2026-07-26 17:36,X,Disappointed with the sound quality for NovaPhone X. This needs fixing.,26,12,4,2,239,NovaPhone X,Always-on,India-East,English,Prospect,0
SM01506,2026-07-26 20:10,Instagram,Comparing NovaPhone X mainly on sound quality. Any first-hand feedback?,11,4,2,1,224,NovaPhone X,None,India-West,English,Community member,0
SM00749,2026-07-26 20:23,YouTube,Great job on the tracking update. This upgrade feels worth it.,30,20,2,2,930,NovaPhone X,Festival Launch,India-Central,English,Prospect,0
SM00073,2026-07-26 20:25,Instagram,Comparing AirBeat Pro mainly on late delivery. Any first-hand feedback? Please jaldi resolve karo.,38,23,6,1,812,AirBeat Pro,Service Update,India-South,Hinglish,Customer,0
SM00701,2026-07-26 23:44,Reddit,Disappointed with the durability for NovaPhone X. This needs fixing.,22,10,3,2,504,NovaPhone X,None,India-Central,English,Prospect,0
SM00467,2026-07-27 00:35,Instagram,Does anyone know how the discount offer works for FitPulse Watch?,11,8,0,1,372,FitPulse Watch,Creator Collab,India-West,English,Customer,0
SM00797,2026-07-27 01:38,Facebook,Finally a product where the new feature delivers what was promised.,51,34,4,3,470,FitPulse Watch,None,India-Central,English,Creator,0
SM00365,2026-07-27 01:56,Instagram,I expected better from AirBeat Pro; the package arrived is a serious problem.,23,18,1,1,526,AirBeat Pro,Creator Collab,India-North,English,Community member,1
SM00732,2026-07-27 01:58,YouTube,Finally a product where the festival deal delivers what was promised.,28,18,5,0,172,HomeHub Mini,Creator Collab,India-Central,English,Customer,1
SM00445,2026-07-27 04:23,Facebook,Not acceptable: product quality has made the whole experience difficult.,12,8,2,0,796,NovaPhone X,Festival Launch,India-Central,English,Prospect,0
SM00717,2026-07-27 04:37,YouTube,Really impressed with the value for money on my NovaPhone X. Smooth experience!,21,3,6,2,780,NovaPhone X,Always-on,India-West,English,Prospect,0
SM00827,2026-07-27 05:36,Reddit,The package arrived is frustrating. Still waiting for a proper response.,9,5,2,0,338,NovaPhone X,Service Update,India-South,English,Customer,0
SM00393,2026-07-27 05:41,LinkedIn,I expected better from NovaPhone X; the voice control is a serious problem.,34,28,3,0,844,NovaPhone X,None,India-East,English,Customer,0
SM00118,2026-07-27 06:39,Instagram,Great job on the package arrived. This upgrade feels worth it.,25,16,3,1,673,FitPulse Watch,Festival Launch,India-North,English,Community member,0
SM01102,2026-07-27 08:58,LinkedIn,The tracking update is frustrating. Still waiting for a proper response.,61,39,5,4,359,HomeHub Mini,Always-on,India-East,English,Customer,0
SM00534,2026-07-27 09:53,YouTube,Disappointed with the festival deal for HomeHub Mini. This needs fixing.,51,38,5,1,858,HomeHub Mini,Creator Collab,India-West,English,Customer,0
SM00892,2026-07-27 10:03,Reddit,Update: I received information about the checkout experience.,29,20,3,1,450,NovaPhone X,Festival Launch,India-South,English,Customer,0
SM00730,2026-07-27 10:03,Instagram,Please resolve the pairing process. This is affecting whether I buy again. Overall kaafi useful hai.,21,11,5,0,806,NovaPhone X,Creator Collab,India-Central,Hinglish,Customer,0
SM01139,2026-07-27 11:29,X,"The package arrived is sick, honestly a solid update. Please jaldi resolve karo.",31,9,2,6,637,FitPulse Watch,Festival Launch,India-West,Hinglish,Creator,0
SM01576,2026-07-27 12:07,Reddit,The latest post mentions battery quality for NovaPhone X.,19,3,2,4,717,NovaPhone X,Always-on,India-North,English,Customer,0
SM00490,2026-07-27 12:24,YouTube,Really impressed with the high price on my NovaPhone X. Smooth experience!,10,3,2,1,79,NovaPhone X,Service Update,India-West,English,Prospect,0
SM00280,2026-07-27 13:40,YouTube,Does anyone know how the late delivery works for NovaPhone X?,30,24,3,0,606,NovaPhone X,Service Update,India-North,English,Customer,0
SM00429,2026-07-27 15:30,Instagram,I expected better from NovaPhone X; the value for money is a serious problem. Kya kisi aur ko bhi hua?,13,8,1,1,214,NovaPhone X,Creator Collab,India-West,Hinglish,Customer,0
SM00049,2026-07-27 20:44,Instagram,Update: I received information about the product quality.,10,8,1,0,636,AirBeat Pro,None,India-East,English,Customer,0
SM00989,2026-07-27 21:24,X,The support response is excellent. I would recommend HomeHub Mini.,18,11,2,1,151,HomeHub Mini,Always-on,India-West,English,Customer,0
SM01135,2026-07-27 23:04,Reddit,Please resolve the voice control. This is affecting whether I buy again.,30,21,3,1,302,AirBeat Pro,Creator Collab,India-East,English,Customer,0
SM00735,2026-07-27 23:31,Instagram,Update: I received information about the delivery promise.,34,24,2,2,497,AirBeat Pro,Creator Collab,India-South,English,Customer,0
SM00148,2026-07-28 00:10,X,I expected better from AirBeat Pro; the delivery delay is a serious problem.,14,2,6,0,125,AirBeat Pro,Creator Collab,India-Central,English,Customer,0
SM01243,2026-07-28 01:09,Reddit,Disappointed with the package arrived for NovaPhone X. This needs fixing.,26,17,3,1,454,NovaPhone X,None,India-East,English,Prospect,0
SM00706,2026-07-28 01:28,X,The delivery delay is frustrating. Still waiting for a proper response.,11,3,4,0,424,HomeHub Mini,Service Update,India-West,English,Customer,1
SM00660,2026-07-28 02:54,Facebook,Really impressed with the app usability on my NovaPhone X. Smooth experience!,4,4,0,0,345,NovaPhone X,None,India-South,English,Community member,0
SM00680,2026-07-28 02:56,Instagram,Not acceptable: value for money has made the whole experience difficult.,14,3,1,3,50,AirBeat Pro,Creator Collab,India-East,English,Prospect,1
SM01074,2026-07-28 03:38,X,Finally a product where the battery quality delivers what was promised.,17,4,5,1,420,AirBeat Pro,Service Update,India-North,English,Customer,0
SM00077,2026-07-28 04:07,LinkedIn,Really impressed with the health tracking on my FitPulse Watch. Smooth experience!,5,5,0,0,539,FitPulse Watch,Always-on,India-South,English,Prospect,0
SM00353,2026-07-28 05:04,YouTube,Looking for details on battery quality before deciding. Kya kisi aur ko bhi hua?,12,2,2,2,749,FitPulse Watch,Service Update,India-East,Hinglish,Prospect,0
SM00263,2026-07-28 05:39,Instagram,Great job on the delivery delay. This upgrade feels worth it.,13,10,0,1,680,FitPulse Watch,Service Update,India-South,English,Prospect,0
SM01201,2026-07-28 05:48,LinkedIn,The app usability is frustrating. Still waiting for a proper response.,10,3,2,1,245,AirBeat Pro,Festival Launch,India-North,English,Community member,0
SM00721,2026-07-28 06:02,Instagram,Loving the AirBeat Pro; the discount offer works better than expected. Overall kaafi useful hai.,18,7,4,1,823,AirBeat Pro,None,India-Central,Hinglish,Prospect,0
SM01370,2026-07-28 07:55,Instagram,The product quality is frustrating. Still waiting for a proper response.,17,12,1,1,293,NovaPhone X,Creator Collab,India-Central,English,Community member,0
SM00729,2026-07-28 08:17,LinkedIn,Looking for details on voice control before deciding.,10,6,2,0,160,AirBeat Pro,None,India-South,English,Creator,0
SM01442,2026-07-28 08:43,Reddit,Great job on the health tracking. This upgrade feels worth it.,30,7,7,3,200,FitPulse Watch,Always-on,India-West,English,Customer,0
SM00106,2026-07-28 08:45,X,The service centre is excellent. I would recommend NovaPhone X.,49,31,3,4,968,NovaPhone X,Creator Collab,India-South,English,Customer,0
SM00502,2026-07-28 09:56,Instagram,Please resolve the package arrived. This is affecting whether I buy again.,16,9,2,1,654,FitPulse Watch,None,India-North,English,Customer,0
SM00471,2026-07-28 10:07,LinkedIn,Not acceptable: app usability has made the whole experience difficult.,34,18,5,2,719,HomeHub Mini,Always-on,India-Central,English,Prospect,0
SM01584,2026-07-28 10:16,Instagram,Does anyone know how the delivery delay works for AirBeat Pro?,33,22,4,1,966,AirBeat Pro,None,India-West,English,Customer,0
SM01217,2026-07-28 13:10,LinkedIn,Disappointed with the app usability for AirBeat Pro. This needs fixing.,9,9,0,0,403,AirBeat Pro,None,India-North,English,Customer,0
SM00439,2026-07-28 15:22,Instagram,"The product is good overall, although the festival deal needs improvement.",8,8,0,0,440,AirBeat Pro,Always-on,India-South,English,Customer,0
SM00030,2026-07-28 16:00,LinkedIn,The app usability is frustrating. Still waiting for a proper response.,27,18,3,1,906,FitPulse Watch,Service Update,India-West,English,Creator,0
SM00517,2026-07-28 16:48,Reddit,Looking for details on health tracking before deciding.,25,9,5,2,703,NovaPhone X,Festival Launch,India-South,English,Prospect,0
SM00653,2026-07-28 18:18,X,The battery life is frustrating. Still waiting for a proper response.,20,5,3,3,359,AirBeat Pro,Service Update,India-South,English,Prospect,0
SM01235,2026-07-28 18:40,X,The tracking update is excellent. I would recommend NovaPhone X.,10,1,3,1,497,NovaPhone X,Festival Launch,India-South,English,Prospect,0
SM00162,2026-07-28 19:15,Facebook,Not acceptable: app usability has made the whole experience difficult.,15,8,2,1,121,FitPulse Watch,Festival Launch,India-Central,English,Prospect,0
SM00612,2026-07-28 20:13,X,Disappointed with the package arrived for NovaPhone X. This needs fixing.,21,8,5,1,650,NovaPhone X,Festival Launch,India-Central,English,Customer,0
SM00694,2026-07-28 20:15,X,Finally a product where the package arrived delivers what was promised.,40,35,1,1,767,FitPulse Watch,None,India-East,English,Creator,0
SM00078,2026-07-28 20:59,YouTube,Really impressed with the high price on my HomeHub Mini. Smooth experience!,8,0,1,2,620,HomeHub Mini,Service Update,India-East,English,Community member,0
SM00107,2026-07-28 21:38,LinkedIn,Really impressed with the product quality on my AirBeat Pro. Smooth experience!,8,2,3,0,430,AirBeat Pro,Always-on,India-Central,English,Prospect,0
SM01257,2026-07-28 21:53,Reddit,Update: I received information about the delivery delay.,17,3,1,4,142,NovaPhone X,None,India-East,English,Prospect,0
SM00392,2026-07-28 22:26,Reddit,The latest post mentions pairing process for FitPulse Watch.,18,12,3,0,512,FitPulse Watch,Creator Collab,India-North,English,Prospect,0
SM00829,2026-07-29 00:02,Reddit,Please resolve the service centre. This is affecting whether I buy again.,78,69,0,3,1119,AirBeat Pro,Festival Launch,India-North,English,Prospect,0
SM01467,2026-07-29 00:05,Instagram,Looking for details on discount offer before deciding. Overall kaafi useful hai.,19,10,3,1,515,AirBeat Pro,Creator Collab,India-North,Hinglish,Community member,0
SM01197,2026-07-29 01:00,Instagram,"The build quality is sick, honestly a solid update. Kya kisi aur ko bhi hua?",35,17,6,2,752,HomeHub Mini,Always-on,India-North,Hinglish,Customer,1
SM00458,2026-07-29 01:33,X,The build quality is frustrating. Still waiting for a proper response.,15,10,1,1,755,HomeHub Mini,Always-on,India-North,English,Customer,0
SM00376,2026-07-29 01:56,Reddit,I expected better from NovaPhone X; the sound quality is a serious problem.,55,50,1,1,783,NovaPhone X,Festival Launch,India-South,English,Community member,0
SM00643,2026-07-29 02:38,YouTube,Great job on the service centre. This upgrade feels worth it.,7,3,2,0,66,HomeHub Mini,Creator Collab,India-South,English,Prospect,0
SM00386,2026-07-29 02:39,YouTube,The health tracking is frustrating. Still waiting for a proper response.,31,27,2,0,997,NovaPhone X,Festival Launch,India-South,English,Customer,0
SM01420,2026-07-29 04:28,X,The voice control is frustrating. Still waiting for a proper response.,16,3,2,3,207,NovaPhone X,Service Update,India-East,English,Customer,0
SM00711,2026-07-29 07:00,X,I expected better from HomeHub Mini; the camera feature is a serious problem.,26,20,0,2,327,HomeHub Mini,Creator Collab,India-West,English,Creator,0
SM00634,2026-07-29 07:11,Instagram,Really impressed with the pricing on my NovaPhone X. Smooth experience!,14,3,4,1,436,NovaPhone X,None,India-North,English,Customer,0
SM01492,2026-07-29 07:28,X,Not acceptable: checkout experience has made the whole experience difficult.,17,9,4,0,623,AirBeat Pro,Service Update,India-West,English,Customer,1
SM00450,2026-07-29 08:57,Reddit,Great job on the package arrived. This upgrade feels worth it.,22,10,6,0,675,NovaPhone X,None,India-Central,English,Creator,0
SM00808,2026-07-29 12:41,Facebook,Update: I received information about the festival deal.,24,12,6,0,771,NovaPhone X,Service Update,India-Central,English,Customer,0
SM00298,2026-07-29 12:41,X,I expected better from AirBeat Pro; the value for money is a serious problem.,227,216,1,3,2196,AirBeat Pro,None,India-West,English,Customer,0
SM00316,2026-07-29 12:46,YouTube,Please resolve the value for money. This is affecting whether I buy again.,16,6,2,2,112,AirBeat Pro,None,India-South,English,Prospect,0
SM00776,2026-07-29 13:06,X,Really impressed with the delivery delay on my HomeHub Mini. Smooth experience!,19,8,4,1,785,HomeHub Mini,Festival Launch,India-South,English,Customer,0
SM00197,2026-07-29 13:18,X,Fantastic service: still dealing with the camera feature.,10,2,1,2,491,NovaPhone X,Festival Launch,India-West,English,Creator,0
SM00516,2026-07-29 14:20,Instagram,Finally a product where the festival deal delivers what was promised.,3,1,1,0,361,NovaPhone X,Service Update,India-South,English,Prospect,0
SM00335,2026-07-29 15:33,Instagram,Disappointed with the delivery promise for FitPulse Watch. This needs fixing.,25,16,3,1,842,FitPulse Watch,Service Update,India-South,English,Customer,0
SM01244,2026-07-29 15:54,Facebook,"Great features, terrible discount offer. I am genuinely undecided.",16,11,1,1,210,AirBeat Pro,Festival Launch,India-Central,English,Creator,0
SM01375,2026-07-29 16:39,Instagram,Does anyone know how the festival deal works for AirBeat Pro?,32,22,2,2,515,AirBeat Pro,Festival Launch,India-West,English,Creator,0
SM00741,2026-07-29 17:37,LinkedIn,The delivery delay is excellent. I would recommend HomeHub Mini.,38,22,5,2,873,HomeHub Mini,Always-on,India-Central,English,Creator,0
SM00492,2026-07-29 18:07,Reddit,Great job on the value for money. This upgrade feels worth it.,21,16,1,1,159,FitPulse Watch,Festival Launch,India-South,English,Community member,0
SM00876,2026-07-29 18:35,Facebook,Happy with performance but unhappy about the delivery delay.,4,0,2,0,492,NovaPhone X,Festival Launch,India-East,English,Prospect,0
SM01326,2026-07-29 18:46,LinkedIn,Please resolve the app usability. This is affecting whether I buy again.,29,12,4,3,881,HomeHub Mini,Service Update,India-North,English,Customer,0
SM01436,2026-07-29 19:21,Instagram,The value for money is excellent. I would recommend AirBeat Pro.,16,8,1,2,310,AirBeat Pro,Service Update,India-East,English,Customer,1
SM00574,2026-07-29 19:33,LinkedIn,Looking for details on value for money before deciding.,9,4,1,1,103,HomeHub Mini,Always-on,India-East,English,Prospect,0
SM01274,2026-07-29 21:13,Reddit,Not acceptable: value for money has made the whole experience difficult.,3,1,1,0,664,NovaPhone X,Service Update,India-West,English,Customer,0
SM01228,2026-07-29 21:31,Instagram,Happy with performance but unhappy about the late delivery.,6,1,1,1,50,NovaPhone X,Service Update,India-Central,English,Prospect,1
SM00435,2026-07-29 21:34,Facebook,Finally a product where the late delivery delivers what was promised.,14,10,2,0,824,HomeHub Mini,Festival Launch,India-Central,English,Prospect,0
SM00235,2026-07-29 23:35,Instagram,Please resolve the delivery delay. This is affecting whether I buy again.,26,6,4,4,528,NovaPhone X,Always-on,India-South,English,Creator,0
SM00473,2026-07-30 00:29,Reddit,Loving the NovaPhone X; the delivery delay works better than expected. Kya kisi aur ko bhi hua?,63,52,4,1,789,NovaPhone X,Service Update,India-South,Hinglish,Creator,0
SM00793,2026-07-30 01:04,YouTube,This service centre is fire. Did not expect it to be this good.,21,9,3,2,688,AirBeat Pro,Festival Launch,India-East,English,Customer,0
SM00928,2026-07-30 02:02,X,I expected better from HomeHub Mini; the camera feature is a serious problem. Kya kisi aur ko bhi hua?,26,3,4,5,555,HomeHub Mini,None,India-North,Hinglish,Prospect,0
SM01484,2026-07-30 03:08,Instagram,The latest post mentions festival deal for NovaPhone X.,10,4,0,2,777,NovaPhone X,Service Update,India-East,English,Customer,0
SM00198,2026-07-30 05:25,YouTube,The customer service is excellent. I would recommend FitPulse Watch.,11,2,3,1,306,FitPulse Watch,Service Update,India-Central,English,Prospect,0
SM00888,2026-07-30 05:41,Instagram,Disappointed with the interface for HomeHub Mini. This needs fixing.,20,7,5,1,467,HomeHub Mini,Creator Collab,India-South,English,Prospect,0
SM00932,2026-07-30 07:14,X,Happy with performance but unhappy about the new feature. Please jaldi resolve karo.,20,8,6,0,88,HomeHub Mini,Creator Collab,India-South,Hinglish,Creator,0
SM00348,2026-07-30 08:34,X,Great job on the camera feature. This upgrade feels worth it.,21,10,4,1,656,AirBeat Pro,Festival Launch,India-West,English,Customer,0
SM01402,2026-07-30 10:13,YouTube,The interface is frustrating. Still waiting for a proper response.,14,6,4,0,816,HomeHub Mini,Service Update,India-West,English,Customer,0
SM00415,2026-07-30 10:38,Instagram,I expected better from AirBeat Pro; the replacement process is a serious problem. Paisa vasool lag raha hai.,67,53,4,2,589,AirBeat Pro,Always-on,India-East,Hinglish,Customer,1
SM01101,2026-07-30 10:39,Instagram,Loving the HomeHub Mini; the service centre works better than expected.,18,7,4,1,642,HomeHub Mini,Festival Launch,India-North,English,Customer,0
SM01118,2026-07-30 12:17,Reddit,Loving the NovaPhone X; the voice control works better than expected.,27,18,3,1,685,NovaPhone X,Creator Collab,India-Central,English,Prospect,0
SM01468,2026-07-30 13:02,X,Comparing HomeHub Mini mainly on pricing. Any first-hand feedback?,80,73,2,1,873,HomeHub Mini,Festival Launch,India-West,English,Customer,0
SM00799,2026-07-30 16:56,Facebook,Comparing HomeHub Mini mainly on package arrived. Any first-hand feedback?,40,33,2,1,994,HomeHub Mini,None,India-West,English,Customer,0
SM00119,2026-07-30 17:31,Reddit,Happy with performance but unhappy about the easy setup.,22,9,5,1,626,AirBeat Pro,None,India-West,English,Prospect,0
SM01190,2026-07-30 18:19,Reddit,Looking for details on pricing before deciding.,21,15,3,0,404,NovaPhone X,Service Update,India-East,English,Prospect,0
SM00597,2026-07-30 18:30,X,Disappointed with the refund help for FitPulse Watch. This needs fixing.,11,4,2,1,575,FitPulse Watch,Creator Collab,India-West,English,Prospect,0
SM00063,2026-07-30 19:16,Facebook,The new feature is excellent. I would recommend NovaPhone X.,9,2,2,1,320,NovaPhone X,Festival Launch,India-Central,English,Customer,1
SM01183,2026-07-30 19:47,Reddit,Finally a product where the service centre delivers what was promised.,13,6,2,1,719,FitPulse Watch,Creator Collab,India-South,English,Prospect,0
SM01033,2026-07-30 21:16,Instagram,Please resolve the replacement process. This is affecting whether I buy again.,65,58,2,1,506,FitPulse Watch,Festival Launch,India-North,English,Prospect,0
SM01474,2026-07-30 22:14,YouTube,Disappointed with the value for money for AirBeat Pro. This needs fixing.,8,1,2,1,587,AirBeat Pro,Festival Launch,India-North,English,Customer,0
SM00023,2026-07-30 23:24,Instagram,I expected better from AirBeat Pro; the build quality is a serious problem.,19,11,1,2,634,AirBeat Pro,Always-on,India-South,English,Prospect,0
SM00497,2026-07-31 00:03,LinkedIn,Not acceptable: service centre has made the whole experience difficult.,50,48,1,0,1084,NovaPhone X,Creator Collab,India-North,English,Community member,0
SM00724,2026-07-31 00:37,Instagram,Looking for details on refund help before deciding.,14,3,4,1,82,NovaPhone X,Creator Collab,India-South,English,Customer,1
SM01414,2026-07-31 01:22,Instagram,I expected better from FitPulse Watch; the support response is a serious problem.,151,151,0,0,1807,FitPulse Watch,Always-on,India-West,English,Customer,0
SM01351,2026-07-31 03:51,LinkedIn,Not acceptable: delivery promise has made the whole experience difficult.,29,17,3,2,745,HomeHub Mini,Festival Launch,India-West,English,Customer,0
SM01355,2026-07-31 04:15,LinkedIn,Comparing FitPulse Watch mainly on voice control. Any first-hand feedback?,13,7,3,0,141,FitPulse Watch,Always-on,India-Central,English,Prospect,0
SM01458,2026-07-31 05:15,Reddit,Not acceptable: replacement process has made the whole experience difficult. Kya kisi aur ko bhi hua?,31,25,3,0,863,HomeHub Mini,Creator Collab,India-South,Hinglish,Creator,0
SM00579,2026-07-31 06:35,X,I expected better from HomeHub Mini; the camera feature is a serious problem. Paisa vasool lag raha hai.,25,13,3,2,690,HomeHub Mini,Festival Launch,India-South,Hinglish,Customer,0
SM00820,2026-07-31 07:25,Reddit,Amazing how the service centre keeps getting worse. Please jaldi resolve karo.,8,2,3,0,517,FitPulse Watch,None,India-South,Hinglish,Prospect,0
SM00062,2026-07-31 08:15,Reddit,The easy setup is frustrating. Still waiting for a proper response.,13,0,2,3,762,NovaPhone X,Always-on,India-North,English,Prospect,0
SM00089,2026-07-31 10:32,Instagram,Finally a product where the delivery delay delivers what was promised.,8,4,2,0,813,NovaPhone X,Festival Launch,India-East,English,Customer,0
SM01473,2026-07-31 10:55,X,Disappointed with the customer service for FitPulse Watch. This needs fixing.,23,15,1,2,265,FitPulse Watch,Creator Collab,India-East,English,Customer,0
SM01200,2026-07-31 12:34,YouTube,The latest post mentions battery quality for NovaPhone X.,25,14,4,1,223,NovaPhone X,Creator Collab,India-Central,English,Prospect,1
SM01008,2026-07-31 13:11,X,Finally a product where the interface delivers what was promised.,11,1,2,2,325,FitPulse Watch,Festival Launch,India-West,English,Creator,0
SM00164,2026-07-31 14:52,YouTube,The value for money is frustrating. Still waiting for a proper response.,13,4,3,1,343,HomeHub Mini,Creator Collab,India-South,English,Prospect,0
SM00887,2026-07-31 15:13,X,Please resolve the refund help. This is affecting whether I buy again.,36,27,0,3,508,NovaPhone X,Festival Launch,India-North,English,Customer,0
SM00255,2026-07-31 15:16,Reddit,"The battery life is sick, honestly a solid update.",18,9,3,1,105,NovaPhone X,Festival Launch,India-West,English,Creator,0
SM00589,2026-07-31 16:58,YouTube,The pricing is excellent. I would recommend HomeHub Mini.,20,14,0,2,849,HomeHub Mini,Creator Collab,India-West,English,Community member,0
SM01433,2026-07-31 17:15,Reddit,The latest post mentions customer service for NovaPhone X.,19,15,2,0,398,NovaPhone X,Festival Launch,India-South,English,Customer,0
SM01378,2026-07-31 17:37,Instagram,The late delivery is excellent. I would recommend NovaPhone X.,7,2,1,1,233,NovaPhone X,Festival Launch,India-East,English,Customer,0
SM00188,2026-07-31 18:19,Instagram,Loving the NovaPhone X; the delivery promise works better than expected. Kya kisi aur ko bhi hua?,64,52,3,2,648,NovaPhone X,Service Update,India-North,Hinglish,Customer,0
SM00154,2026-07-31 22:12,Facebook,I expected better from AirBeat Pro; the sound quality is a serious problem.,29,9,7,2,740,AirBeat Pro,None,India-Central,English,Prospect,0
SM00665,2026-07-31 22:17,LinkedIn,The health tracking is excellent. I would recommend FitPulse Watch.,8,3,1,1,563,FitPulse Watch,Always-on,India-East,English,Customer,0
SM00661,2026-07-31 22:28,Reddit,Disappointed with the voice control for NovaPhone X. This needs fixing. Please jaldi resolve karo.,28,19,3,1,322,NovaPhone X,Service Update,India-North,Hinglish,Prospect,0
SM00899,2026-07-31 23:19,Instagram,Comparing FitPulse Watch mainly on delivery promise. Any first-hand feedback?,36,28,1,2,987,FitPulse Watch,None,India-North,English,Community member,0
SM01487,2026-08-01 01:00,Facebook,The checkout experience is frustrating. Still waiting for a proper response.,28,25,0,1,677,AirBeat Pro,Always-on,India-East,English,Customer,1
SM00738,2026-08-01 01:56,Reddit,Finally a product where the customer service delivers what was promised.,8,4,2,0,504,NovaPhone X,Service Update,India-West,English,Customer,0
SM01020,2026-08-01 02:32,Reddit,Loving the NovaPhone X; the product quality works better than expected.,11,2,3,1,283,NovaPhone X,Creator Collab,India-North,English,Prospect,0
SM01142,2026-08-01 02:35,Reddit,The discount offer is frustrating. Still waiting for a proper response.,19,17,1,0,342,NovaPhone X,Always-on,India-South,English,Customer,0
SM01051,2026-08-01 02:46,Facebook,Please resolve the voice control. This is affecting whether I buy again.,16,3,5,1,606,NovaPhone X,Creator Collab,India-East,English,Customer,0
SM01453,2026-08-01 03:35,Instagram,The customer service is frustrating. Still waiting for a proper response.,75,71,2,0,715,AirBeat Pro,Festival Launch,India-North,English,Customer,0
SM00232,2026-08-01 07:23,Instagram,The health tracking is frustrating. Still waiting for a proper response.,33,24,3,1,600,NovaPhone X,Festival Launch,India-Central,English,Community member,0
SM00515,2026-08-01 07:37,Instagram,Disappointed with the service centre for AirBeat Pro. This needs fixing. Overall kaafi useful hai.,36,17,5,3,753,AirBeat Pro,None,India-South,Hinglish,Prospect,1
SM00485,2026-08-01 07:42,Instagram,The interface is excellent. I would recommend AirBeat Pro.,16,8,1,2,554,AirBeat Pro,Service Update,India-East,English,Prospect,0
SM00598,2026-08-01 08:00,LinkedIn,Loving the NovaPhone X; the pricing works better than expected.,13,5,4,0,540,NovaPhone X,Festival Launch,India-West,English,Customer,0
SM01005,2026-08-01 08:34,YouTube,The discount offer is frustrating. Still waiting for a proper response.,17,10,2,1,299,AirBeat Pro,Creator Collab,India-West,English,Creator,0
SM00055,2026-08-01 08:38,YouTube,Great job on the late delivery. This upgrade feels worth it.,12,5,2,1,85,NovaPhone X,Festival Launch,India-North,English,Prospect,0
SM01500,2026-08-01 10:47,Instagram,The health tracking is frustrating. Still waiting for a proper response.,12,6,0,2,594,AirBeat Pro,Always-on,India-South,English,Customer,0
SM01144,2026-08-01 12:25,Reddit,"Great, another interface. Exactly what customers needed.",8,8,0,0,690,FitPulse Watch,Always-on,India-West,English,Customer,0
SM00500,2026-08-01 13:47,YouTube,"Great, another voice control. Exactly what customers needed.",17,8,3,1,573,HomeHub Mini,Festival Launch,India-East,English,Community member,0
SM00689,2026-08-01 13:50,Reddit,Finally a product where the replacement process delivers what was promised.,30,23,2,1,947,NovaPhone X,Service Update,India-Central,English,Customer,0
SM00313,2026-08-01 14:14,YouTube,The battery quality is excellent. I would recommend NovaPhone X.,10,6,2,0,613,NovaPhone X,Service Update,India-North,English,Community member,0
SM00312,2026-08-01 14:45,LinkedIn,The customer service is excellent. I would recommend FitPulse Watch.,47,28,5,3,532,FitPulse Watch,None,India-East,English,Customer,0
SM00742,2026-08-01 17:11,Instagram,Really impressed with the battery life on my NovaPhone X. Smooth experience!,13,4,3,1,360,NovaPhone X,Festival Launch,India-East,English,Customer,0
SM00378,2026-08-01 17:13,LinkedIn,The durability is frustrating. Still waiting for a proper response.,32,23,3,1,642,FitPulse Watch,Always-on,India-West,English,Customer,0
SM00992,2026-08-01 17:42,Instagram,"Great features, terrible delivery delay. I am genuinely undecided.",8,1,2,1,354,NovaPhone X,Creator Collab,India-Central,English,Customer,0
SM01227,2026-08-01 20:31,YouTube,Loving the AirBeat Pro; the new feature works better than expected.,7,7,0,0,431,AirBeat Pro,Always-on,India-South,English,Customer,0
SM01175,2026-08-01 21:26,Reddit,The service centre is frustrating. Still waiting for a proper response.,17,7,5,0,206,NovaPhone X,None,India-South,English,Community member,0
SM00101,2026-08-01 22:06,X,Not acceptable: camera feature has made the whole experience difficult.,26,24,1,0,829,NovaPhone X,None,India-Central,English,Prospect,1
SM00296,2026-08-01 22:10,Instagram,Finally a product where the build quality delivers what was promised.,12,9,0,1,351,HomeHub Mini,Festival Launch,India-North,English,Prospect,0
SM00203,2026-08-01 22:30,X,The refund help is excellent. I would recommend FitPulse Watch.,11,5,3,0,784,FitPulse Watch,None,India-North,English,Creator,0
SM00403,2026-08-01 23:14,X,The app usability is excellent. I would recommend AirBeat Pro.,40,34,0,2,325,AirBeat Pro,Always-on,India-West,English,Customer,0
SM00057,2026-08-02 00:46,LinkedIn,Finally a product where the voice control delivers what was promised.,13,2,1,3,718,HomeHub Mini,Festival Launch,India-West,English,Prospect,0
SM00357,2026-08-02 01:29,X,"The product quality is sick, honestly a solid update.",23,10,2,3,226,NovaPhone X,Service Update,India-Central,English,Creator,0
SM00432,2026-08-02 01:44,Instagram,Does anyone know how the high price works for NovaPhone X?,11,2,3,1,631,NovaPhone X,None,India-West,English,Customer,0
SM01334,2026-08-02 07:47,LinkedIn,Looking for details on high price before deciding.,8,6,1,0,115,NovaPhone X,Festival Launch,India-Central,English,Prospect,0
SM00531,2026-08-02 09:18,Reddit,Please resolve the late delivery. This is affecting whether I buy again.,10,4,3,0,237,HomeHub Mini,Creator Collab,India-East,English,Customer,0
SM00539,2026-08-02 09:19,X,The latest post mentions delivery promise for AirBeat Pro.,20,2,3,4,621,AirBeat Pro,None,India-South,English,Customer,0
SM00548,2026-08-02 09:56,X,Please resolve the product quality. This is affecting whether I buy again.,28,20,4,0,397,FitPulse Watch,Creator Collab,India-Central,English,Community member,0
SM01417,2026-08-02 10:30,X,Finally a product where the package arrived delivers what was promised.,22,14,1,2,380,NovaPhone X,Festival Launch,India-East,English,Community member,0
SM00986,2026-08-02 10:53,Instagram,Loving the FitPulse Watch; the tracking update works better than expected.,15,11,2,0,826,FitPulse Watch,Service Update,India-East,English,Customer,0
SM00728,2026-08-02 13:16,LinkedIn,The latest post mentions interface for HomeHub Mini.,15,7,4,0,765,HomeHub Mini,Always-on,India-Central,English,Customer,0
SM01513,2026-08-02 13:39,Instagram,The late delivery is frustrating. Still waiting for a proper response.,41,29,3,2,853,NovaPhone X,None,India-North,English,Customer,0
SM01455,2026-08-02 14:16,Facebook,Great job on the delivery promise. This upgrade feels worth it. Please jaldi resolve karo.,42,32,2,2,498,NovaPhone X,Festival Launch,India-North,Hinglish,Customer,0
SM00262,2026-08-02 14:33,Facebook,The build quality is frustrating. Still waiting for a proper response.,18,18,0,0,563,AirBeat Pro,Always-on,India-West,English,Customer,0
SM00157,2026-08-02 15:56,LinkedIn,Finally a product where the easy setup delivers what was promised.,18,8,2,2,227,AirBeat Pro,Service Update,India-North,English,Customer,0
SM01299,2026-08-02 16:29,YouTube,Does anyone know how the voice control works for FitPulse Watch? Kya kisi aur ko bhi hua?,8,1,2,1,279,FitPulse Watch,Festival Launch,India-West,Hinglish,Customer,0
SM01407,2026-08-02 19:50,Reddit,Finally a product where the battery quality delivers what was promised.,21,7,7,0,134,NovaPhone X,Festival Launch,India-North,English,Customer,0
SM00537,2026-08-02 20:35,Facebook,Loving the FitPulse Watch; the product quality works better than expected.,8,6,1,0,113,FitPulse Watch,Always-on,India-South,English,Creator,0
SM00810,2026-08-02 20:37,Reddit,Looking for details on replacement process before deciding.,21,14,2,1,740,AirBeat Pro,Creator Collab,India-West,English,Customer,0
SM01290,2026-08-02 21:02,X,The battery life is frustrating. Still waiting for a proper response.,20,11,3,1,388,FitPulse Watch,Festival Launch,India-East,English,Customer,0
SM00588,2026-08-02 21:07,Instagram,Comparing NovaPhone X mainly on discount offer. Any first-hand feedback?,11,4,2,1,460,NovaPhone X,Festival Launch,India-South,English,Customer,1
SM01210,2026-08-02 22:30,Reddit,"Great, another late delivery. Exactly what customers needed.",62,44,3,4,946,FitPulse Watch,None,India-Central,English,Customer,0
SM01476,2026-08-02 23:36,YouTube,The pricing is excellent. I would recommend AirBeat Pro. Overall kaafi useful hai.,61,57,2,0,1170,AirBeat Pro,Always-on,India-Central,Hinglish,Creator,0
SM00137,2026-08-03 00:12,Instagram,Fantastic service: still dealing with the delivery promise. Paisa vasool lag raha hai.,41,19,5,4,676,HomeHub Mini,None,India-South,Hinglish,Customer,0
SM00905,2026-08-03 00:32,Instagram,Comparing AirBeat Pro mainly on voice control. Any first-hand feedback?,21,1,4,4,798,AirBeat Pro,None,India-East,English,Customer,0
SM00454,2026-08-03 01:15,Facebook,"Love the design of AirBeat Pro, but the delivery promise is disappointing.",18,16,1,0,164,AirBeat Pro,Always-on,India-West,English,Community member,0
SM00775,2026-08-03 01:29,X,Comparing AirBeat Pro mainly on refund help. Any first-hand feedback? Overall kaafi useful hai.,90,74,2,4,1104,AirBeat Pro,Always-on,India-West,Hinglish,Customer,0
SM00414,2026-08-03 02:53,Facebook,Really impressed with the tracking update on my FitPulse Watch. Smooth experience!,37,24,2,3,956,FitPulse Watch,Creator Collab,India-East,English,Customer,0
SM00337,2026-08-03 03:32,X,Loving the FitPulse Watch; the new feature works better than expected.,9,2,2,1,573,FitPulse Watch,Creator Collab,India-West,English,Customer,0
SM00136,2026-08-03 05:00,YouTube,Disappointed with the late delivery for NovaPhone X. This needs fixing.,19,15,2,0,464,NovaPhone X,Creator Collab,India-North,English,Community member,1
SM00284,2026-08-03 05:01,X,Amazing how the pairing process keeps getting worse.,8,1,2,1,382,NovaPhone X,Festival Launch,India-East,English,Creator,0
SM01072,2026-08-03 06:56,Instagram,Looking for details on delivery promise before deciding. Kya kisi aur ko bhi hua?,19,6,2,3,650,AirBeat Pro,Always-on,India-Central,Hinglish,Prospect,0
SM00310,2026-08-03 08:40,X,"The product is good overall, although the late delivery needs improvement.",17,8,3,1,240,HomeHub Mini,Festival Launch,India-West,English,Customer,0
SM01396,2026-08-03 08:54,YouTube,Finally a product where the voice control delivers what was promised.,36,16,4,4,228,HomeHub Mini,Festival Launch,India-South,English,Customer,0
SM00260,2026-08-03 10:29,YouTube,Loving the FitPulse Watch; the support response works better than expected.,11,3,1,2,512,FitPulse Watch,Always-on,India-Central,English,Customer,0
SM01209,2026-08-03 10:44,Instagram,This pricing is fire. Did not expect it to be this good.,12,1,1,3,644,NovaPhone X,Creator Collab,India-Central,English,Customer,0
SM00558,2026-08-03 12:29,Reddit,Not acceptable: health tracking has made the whole experience difficult.,10,6,2,0,354,HomeHub Mini,None,India-South,English,Customer,0
SM01316,2026-08-03 16:01,Instagram,Happy with performance but unhappy about the pairing process. Please jaldi resolve karo.,8,4,2,0,233,FitPulse Watch,Festival Launch,India-West,Hinglish,Customer,0
SM01288,2026-08-03 19:05,YouTube,Finally a product where the battery life delivers what was promised.,7,1,3,0,85,FitPulse Watch,None,India-Central,English,Community member,0
SM01058,2026-08-03 19:19,Instagram,Great job on the durability. This upgrade feels worth it.,9,3,3,0,410,FitPulse Watch,None,India-North,English,Community member,0
SM00059,2026-08-03 20:13,X,Not acceptable: product quality has made the whole experience difficult.,30,18,3,2,869,AirBeat Pro,Festival Launch,India-Central,English,Customer,0
SM00755,2026-08-03 23:51,Instagram,Looking for details on value for money before deciding.,35,25,2,2,790,FitPulse Watch,None,India-Central,English,Customer,0
SM00315,2026-08-04 00:08,X,Really impressed with the checkout experience on my NovaPhone X. Smooth experience!,21,14,2,1,374,NovaPhone X,Service Update,India-West,English,Customer,0
SM01061,2026-08-04 00:23,YouTube,The voice control is frustrating. Still waiting for a proper response.,22,7,3,3,93,NovaPhone X,Always-on,India-West,English,Creator,0
SM01457,2026-08-04 00:34,LinkedIn,FitPulse Watch absolutely slaps when it comes to high price.,22,10,3,2,302,FitPulse Watch,Festival Launch,India-West,English,Customer,0
SM01213,2026-08-04 03:03,LinkedIn,The voice control is frustrating. Still waiting for a proper response.,9,6,0,1,626,AirBeat Pro,Festival Launch,India-East,English,Prospect,0
SM01271,2026-08-04 03:25,Instagram,The health tracking is excellent. I would recommend HomeHub Mini.,37,23,4,2,900,HomeHub Mini,Service Update,India-North,English,Community member,0
SM01149,2026-08-04 03:59,LinkedIn,Please resolve the service centre. This is affecting whether I buy again.,14,1,2,3,285,FitPulse Watch,None,India-South,English,Creator,0
SM00644,2026-08-04 05:13,LinkedIn,The latest post mentions sound quality for NovaPhone X.,20,9,4,1,731,NovaPhone X,Always-on,India-East,English,Customer,0
SM01077,2026-08-04 05:41,X,Really impressed with the package arrived on my NovaPhone X. Smooth experience!,28,21,2,1,893,NovaPhone X,Always-on,India-North,English,Community member,0
SM00443,2026-08-04 05:58,YouTube,The pricing is frustrating. Still waiting for a proper response.,20,16,2,0,862,HomeHub Mini,Festival Launch,India-South,English,Customer,0
SM00421,2026-08-04 06:05,X,This support response is fire. Did not expect it to be this good.,11,6,1,1,621,HomeHub Mini,Service Update,India-Central,English,Customer,0
SM00041,2026-08-04 06:21,Reddit,The support response is excellent. I would recommend FitPulse Watch.,15,15,0,0,506,FitPulse Watch,Service Update,India-North,English,Prospect,0
SM00649,2026-08-04 11:17,X,Really impressed with the delivery promise on my NovaPhone X. Smooth experience!,5,3,1,0,325,NovaPhone X,Festival Launch,India-North,English,Customer,0
SM00224,2026-08-04 11:32,LinkedIn,Update: I received information about the battery life.,31,1,9,4,69,AirBeat Pro,None,India-North,English,Prospect,1
SM00418,2026-08-04 11:35,X,Happy with performance but unhappy about the festival deal.,38,25,5,1,317,AirBeat Pro,Always-on,India-South,English,Customer,0
SM00812,2026-08-04 12:05,Reddit,Loving the HomeHub Mini; the support response works better than expected.,21,12,3,1,300,HomeHub Mini,Festival Launch,India-South,English,Customer,0
SM00146,2026-08-04 12:14,Instagram,Please resolve the voice control. This is affecting whether I buy again.,18,8,2,2,753,HomeHub Mini,Service Update,India-South,English,Prospect,0
SM00833,2026-08-04 17:05,Reddit,Comparing AirBeat Pro mainly on pricing. Any first-hand feedback?,11,0,4,1,751,AirBeat Pro,None,India-North,English,Customer,0
SM00760,2026-08-04 18:40,YouTube,The delivery promise is excellent. I would recommend FitPulse Watch. Overall kaafi useful hai.,29,23,3,0,570,FitPulse Watch,Festival Launch,India-North,Hinglish,Prospect,0
SM00682,2026-08-04 19:49,Reddit,I expected better from NovaPhone X; the sound quality is a serious problem.,16,8,4,0,637,NovaPhone X,Service Update,India-South,English,Prospect,0
SM00286,2026-08-04 21:53,Facebook,Great job on the festival deal. This upgrade feels worth it.,4,4,0,0,327,NovaPhone X,Festival Launch,India-Central,English,Prospect,0
SM01546,2026-08-05 02:35,YouTube,Finally a product where the battery quality delivers what was promised.,7,5,1,0,224,AirBeat Pro,Always-on,India-East,English,Community member,1
SM00314,2026-08-05 02:41,Facebook,The health tracking is frustrating. Still waiting for a proper response.,16,6,2,2,775,NovaPhone X,Always-on,India-North,English,Customer,0
SM01352,2026-08-05 03:36,Instagram,Happy with performance but unhappy about the interface.,34,20,4,2,937,HomeHub Mini,None,India-Central,English,Customer,0
SM01432,2026-08-05 04:52,Instagram,I expected better from NovaPhone X; the delivery promise is a serious problem.,48,38,2,2,429,NovaPhone X,None,India-Central,English,Prospect,1
SM01582,2026-08-05 07:31,X,Finally a product where the build quality delivers what was promised.,34,22,3,2,387,NovaPhone X,Festival Launch,India-West,English,Community member,0
SM00166,2026-08-05 08:13,X,This package arrived is fire. Did not expect it to be this good.,14,9,1,1,294,HomeHub Mini,None,India-Central,English,Customer,0
SM00987,2026-08-05 09:39,X,"Great, another package arrived. Exactly what customers needed.",11,4,2,1,286,AirBeat Pro,None,India-East,English,Customer,0
SM01437,2026-08-05 11:38,Instagram,Disappointed with the product quality for FitPulse Watch. This needs fixing.,17,4,5,1,314,FitPulse Watch,Always-on,India-East,English,Customer,0
SM00043,2026-08-05 12:58,Facebook,Update: I received information about the service centre.,15,13,1,0,429,HomeHub Mini,Creator Collab,India-East,English,Creator,0
SM00147,2026-08-05 13:52,YouTube,Disappointed with the health tracking for NovaPhone X. This needs fixing.,33,21,3,2,933,NovaPhone X,Festival Launch,India-West,English,Community member,0
SM00248,2026-08-05 14:44,YouTube,Loving the FitPulse Watch; the delivery promise works better than expected. Overall kaafi useful hai.,7,1,3,0,667,FitPulse Watch,Festival Launch,India-East,Hinglish,Prospect,0
SM00904,2026-08-05 15:14,X,Update: I received information about the sound quality.,8,1,2,1,387,HomeHub Mini,Service Update,India-East,English,Prospect,0
SM01354,2026-08-05 15:33,Reddit,The latest post mentions late delivery for NovaPhone X.,14,8,3,0,564,NovaPhone X,Service Update,India-North,English,Customer,0
SM01134,2026-08-05 15:41,LinkedIn,Disappointed with the product quality for HomeHub Mini. This needs fixing.,10,5,1,1,735,HomeHub Mini,Festival Launch,India-West,English,Customer,0
SM01141,2026-08-05 15:55,YouTube,The latest post mentions delivery promise for AirBeat Pro. Paisa vasool lag raha hai.,26,18,1,2,785,AirBeat Pro,None,India-West,Hinglish,Customer,0
SM00889,2026-08-05 16:32,YouTube,Finally a product where the delivery delay delivers what was promised.,31,25,0,2,336,NovaPhone X,None,India-West,English,Customer,0
SM00781,2026-08-05 16:45,Reddit,Update: I received information about the delivery delay.,8,6,1,0,707,AirBeat Pro,Always-on,India-South,English,Community member,0
SM00667,2026-08-05 17:09,X,Comparing HomeHub Mini mainly on service centre. Any first-hand feedback?,15,3,3,2,524,HomeHub Mini,Always-on,India-South,English,Creator,0
SM00578,2026-08-05 18:55,LinkedIn,Comparing HomeHub Mini mainly on easy setup. Any first-hand feedback?,22,7,3,3,816,HomeHub Mini,Always-on,India-East,English,Customer,0
SM01580,2026-08-05 20:07,Reddit,The delivery promise is frustrating. Still waiting for a proper response.,33,23,5,0,742,AirBeat Pro,None,India-North,English,Prospect,0
SM00713,2026-08-05 20:23,Instagram,Great job on the value for money. This upgrade feels worth it.,5,1,2,0,678,NovaPhone X,Always-on,India-West,English,Customer,0
SM01345,2026-08-05 20:40,Facebook,Comparing FitPulse Watch mainly on pricing. Any first-hand feedback? Please jaldi resolve karo.,23,21,1,0,372,FitPulse Watch,Festival Launch,India-West,Hinglish,Customer,0
SM00323,2026-08-05 21:03,X,Looking for details on app usability before deciding.,35,16,5,3,690,NovaPhone X,Service Update,India-Central,English,Prospect,0
SM00652,2026-08-05 21:15,YouTube,Finally a product where the refund help delivers what was promised.,16,8,4,0,802,AirBeat Pro,None,India-North,English,Customer,0
SM01202,2026-08-05 21:28,Instagram,"Great, another tracking update. Exactly what customers needed.",17,11,0,2,251,NovaPhone X,None,India-South,English,Prospect,0
SM01520,2026-08-05 22:01,X,Please resolve the easy setup. This is affecting whether I buy again.,36,23,2,3,262,FitPulse Watch,Festival Launch,India-North,English,Customer,0
SM01064,2026-08-05 23:07,YouTube,Loving the AirBeat Pro; the checkout experience works better than expected.,6,0,3,0,656,AirBeat Pro,Festival Launch,India-East,English,Community member,0
SM00465,2026-08-06 00:23,Reddit,Really impressed with the delivery promise on my NovaPhone X. Smooth experience!,10,6,2,0,544,NovaPhone X,Always-on,India-West,English,Customer,0
SM01502,2026-08-06 01:29,LinkedIn,The latest post mentions delivery promise for NovaPhone X.,11,2,3,1,477,NovaPhone X,Festival Launch,India-Central,English,Customer,0
SM00540,2026-08-06 02:33,Instagram,Not acceptable: discount offer has made the whole experience difficult.,16,7,3,1,101,HomeHub Mini,Creator Collab,India-South,English,Prospect,0
SM00656,2026-08-06 02:36,LinkedIn,Disappointed with the support response for NovaPhone X. This needs fixing. Please jaldi resolve karo.,5,1,2,0,351,NovaPhone X,Always-on,India-South,Hinglish,Creator,0
SM01555,2026-08-06 03:36,YouTube,The battery quality is excellent. I would recommend AirBeat Pro.,37,25,3,2,554,AirBeat Pro,Festival Launch,India-South,English,Community member,0
SM00841,2026-08-06 04:46,X,Amazing how the customer service keeps getting worse.,54,47,2,1,894,HomeHub Mini,Service Update,India-Central,English,Prospect,0
SM01150,2026-08-06 04:49,Instagram,The late delivery is excellent. I would recommend FitPulse Watch.,20,11,3,1,546,FitPulse Watch,None,India-East,English,Community member,0
SM01438,2026-08-06 06:44,YouTube,The latest post mentions battery quality for NovaPhone X.,19,7,6,0,292,NovaPhone X,Always-on,India-East,English,Customer,0
SM01192,2026-08-06 07:02,X,Does anyone know how the festival deal works for FitPulse Watch?,10,8,1,0,861,FitPulse Watch,Always-on,India-West,English,Community member,0
SM00253,2026-08-06 08:13,Reddit,"The product is good overall, although the package arrived needs improvement.",13,5,1,2,100,HomeHub Mini,Creator Collab,India-West,English,Prospect,0
SM00705,2026-08-06 08:53,Reddit,Disappointed with the support response for AirBeat Pro. This needs fixing.,7,3,2,0,623,AirBeat Pro,Creator Collab,India-Central,English,Customer,1
SM01324,2026-08-06 10:52,YouTube,Does anyone know how the discount offer works for NovaPhone X?,20,14,3,0,370,NovaPhone X,Festival Launch,India-East,English,Customer,0
SM00261,2026-08-06 13:20,X,The latest post mentions interface for AirBeat Pro.,22,18,2,0,597,AirBeat Pro,Always-on,India-Central,English,Prospect,0
SM01595,2026-08-06 13:21,YouTube,Comparing AirBeat Pro mainly on tracking update. Any first-hand feedback?,32,30,1,0,474,AirBeat Pro,None,India-North,English,Customer,0
SM00953,2026-08-06 14:31,Reddit,Update: I received information about the festival deal.,10,8,1,0,119,NovaPhone X,Festival Launch,India-West,English,Community member,0
SM00525,2026-08-06 15:09,Instagram,Please resolve the interface. This is affecting whether I buy again.,28,15,2,3,592,FitPulse Watch,Service Update,India-Central,English,Prospect,1
SM01318,2026-08-06 15:23,Instagram,Looking for details on high price before deciding.,15,13,1,0,274,AirBeat Pro,Always-on,India-East,English,Community member,0
SM01594,2026-08-06 16:25,Instagram,Happy with performance but unhappy about the tracking update.,35,22,2,3,740,HomeHub Mini,Festival Launch,India-North,English,Prospect,0
SM01018,2026-08-06 16:58,Instagram,"Great, another camera feature. Exactly what customers needed.",9,7,1,0,818,NovaPhone X,Always-on,India-North,English,Customer,1
SM00330,2026-08-06 17:04,Instagram,Amazing how the build quality keeps getting worse.,53,34,8,1,393,AirBeat Pro,None,India-North,English,Prospect,0
SM01045,2026-08-06 17:35,Facebook,Comparing AirBeat Pro mainly on replacement process. Any first-hand feedback?,23,19,2,0,893,AirBeat Pro,Creator Collab,India-South,English,Prospect,0
SM00242,2026-08-06 18:22,Facebook,Loving the NovaPhone X; the sound quality works better than expected.,10,8,1,0,521,NovaPhone X,None,India-West,English,Customer,0
SM01359,2026-08-06 18:54,YouTube,Not acceptable: tracking update has made the whole experience difficult.,23,8,3,3,298,NovaPhone X,Creator Collab,India-East,English,Prospect,1
SM00019,2026-08-06 18:57,YouTube,Does anyone know how the replacement process works for FitPulse Watch?,24,19,1,1,492,FitPulse Watch,Festival Launch,India-East,English,Customer,0
SM00740,2026-08-06 21:07,Facebook,Finally a product where the durability delivers what was promised.,16,1,6,1,394,NovaPhone X,Service Update,India-West,English,Customer,0
SM00004,2026-08-06 21:56,Reddit,Loving the NovaPhone X; the festival deal works better than expected.,24,8,5,2,586,NovaPhone X,Creator Collab,India-Central,English,Creator,0
SM00108,2026-08-06 22:22,Instagram,Disappointed with the refund help for NovaPhone X. This needs fixing.,17,7,2,2,161,NovaPhone X,Festival Launch,India-East,English,Customer,0
SM01114,2026-08-07 02:11,Facebook,The latest post mentions camera feature for HomeHub Mini.,64,49,6,1,581,HomeHub Mini,Always-on,India-West,English,Prospect,0
SM00635,2026-08-07 02:14,Instagram,Loving the AirBeat Pro; the checkout experience works better than expected.,20,9,4,1,409,AirBeat Pro,Festival Launch,India-South,English,Customer,0
SM00931,2026-08-07 02:14,LinkedIn,Great job on the value for money. This upgrade feels worth it.,20,13,2,1,804,FitPulse Watch,Festival Launch,India-South,English,Prospect,0
SM00879,2026-08-07 02:32,Instagram,Finally a product where the high price delivers what was promised.,18,7,1,3,477,FitPulse Watch,Festival Launch,India-East,English,Prospect,0
SM00463,2026-08-07 02:41,Facebook,I expected better from AirBeat Pro; the value for money is a serious problem. Paisa vasool lag raha hai.,26,21,1,1,839,AirBeat Pro,Service Update,India-West,Hinglish,Community member,0
SM01157,2026-08-07 07:38,Reddit,I expected better from AirBeat Pro; the delivery promise is a serious problem.,18,9,3,1,149,AirBeat Pro,Always-on,India-North,English,Customer,0
SM00794,2026-08-07 07:59,Facebook,Loving the NovaPhone X; the replacement process works better than expected.,13,7,0,2,200,NovaPhone X,Always-on,India-North,English,Prospect,0
SM01507,2026-08-07 08:33,YouTube,The latest post mentions tracking update for HomeHub Mini.,20,20,0,0,821,HomeHub Mini,Creator Collab,India-South,English,Prospect,1
SM01452,2026-08-07 09:37,YouTube,Loving the NovaPhone X; the delivery delay works better than expected.,18,7,1,3,735,NovaPhone X,None,India-Central,English,Customer,0
SM01366,2026-08-07 09:52,LinkedIn,Really impressed with the support response on my FitPulse Watch. Smooth experience!,20,13,2,1,446,FitPulse Watch,Creator Collab,India-West,English,Creator,0
SM00125,2026-08-07 10:16,Reddit,Does anyone know how the late delivery works for NovaPhone X?,19,12,2,1,211,NovaPhone X,Always-on,India-North,English,Customer,0
SM00731,2026-08-07 10:47,YouTube,Looking for details on pairing process before deciding.,36,11,8,3,873,AirBeat Pro,Always-on,India-West,English,Customer,0
SM00630,2026-08-07 11:59,Instagram,Love spending my day chasing a pricing. Brilliant. Overall kaafi useful hai.,29,19,5,0,559,NovaPhone X,Service Update,India-West,Hinglish,Customer,0
SM00690,2026-08-07 12:05,X,Finally a product where the sound quality delivers what was promised.,10,3,2,1,127,AirBeat Pro,Always-on,India-Central,English,Customer,0
SM00252,2026-08-07 12:58,LinkedIn,"Great, another durability. Exactly what customers needed.",23,8,6,1,772,AirBeat Pro,Festival Launch,India-South,English,Customer,0
SM00933,2026-08-07 16:20,LinkedIn,Not acceptable: value for money has made the whole experience difficult.,8,4,2,0,792,NovaPhone X,Always-on,India-East,English,Customer,0
SM00032,2026-08-07 17:01,X,Really impressed with the replacement process on my FitPulse Watch. Smooth experience!,32,29,0,1,499,FitPulse Watch,Always-on,India-North,English,Customer,1
SM00397,2026-08-07 18:56,Reddit,The product quality is frustrating. Still waiting for a proper response.,63,47,2,4,711,AirBeat Pro,Festival Launch,India-South,English,Prospect,0
SM01372,2026-08-07 20:22,LinkedIn,Really impressed with the product quality on my NovaPhone X. Smooth experience!,7,5,1,0,380,NovaPhone X,Always-on,India-South,English,Customer,0
SM01574,2026-08-07 21:42,X,Does anyone know how the checkout experience works for NovaPhone X?,35,25,5,0,554,NovaPhone X,None,India-Central,English,Customer,0
SM00269,2026-08-08 01:02,YouTube,The voice control is excellent. I would recommend HomeHub Mini.,11,6,1,1,491,HomeHub Mini,Always-on,India-North,English,Customer,0
SM01097,2026-08-08 01:54,Instagram,Disappointed with the durability for NovaPhone X. This needs fixing.,8,4,2,0,413,NovaPhone X,Service Update,India-Central,English,Prospect,0
SM01448,2026-08-08 02:17,LinkedIn,Disappointed with the tracking update for HomeHub Mini. This needs fixing. Kya kisi aur ko bhi hua?,15,3,6,0,764,HomeHub Mini,Festival Launch,India-North,Hinglish,Prospect,0
SM01047,2026-08-08 02:42,LinkedIn,Does anyone know how the sound quality works for FitPulse Watch?,13,3,2,2,196,FitPulse Watch,Creator Collab,India-East,English,Customer,0
SM01148,2026-08-08 03:09,Facebook,Disappointed with the service centre for FitPulse Watch. This needs fixing.,15,8,2,1,665,FitPulse Watch,Creator Collab,India-West,English,Customer,0
SM00523,2026-08-08 03:40,LinkedIn,The durability is frustrating. Still waiting for a proper response.,21,7,4,2,760,AirBeat Pro,Festival Launch,India-East,English,Customer,0
SM00671,2026-08-08 06:34,Reddit,The battery life is frustrating. Still waiting for a proper response.,66,53,2,3,921,HomeHub Mini,Always-on,India-North,English,Community member,0
SM00202,2026-08-08 07:22,Facebook,Update: I received information about the delivery delay.,22,13,3,1,530,HomeHub Mini,Creator Collab,India-North,English,Customer,0
SM00301,2026-08-08 07:44,Reddit,The latest post mentions high price for AirBeat Pro.,23,8,3,3,596,AirBeat Pro,Creator Collab,India-South,English,Prospect,0
SM01483,2026-08-08 09:39,YouTube,Does anyone know how the battery quality works for FitPulse Watch?,19,8,4,1,357,FitPulse Watch,Service Update,India-Central,English,Customer,0
SM00425,2026-08-08 09:57,Reddit,Fantastic service: still dealing with the interface. Kya kisi aur ko bhi hua?,20,13,2,1,701,NovaPhone X,None,India-West,Hinglish,Customer,0
SM00451,2026-08-08 12:20,Instagram,Great job on the high price. This upgrade feels worth it.,3,1,1,0,205,AirBeat Pro,Festival Launch,India-South,English,Prospect,0
SM01374,2026-08-08 12:42,X,The tracking update is excellent. I would recommend NovaPhone X.,49,40,3,1,470,NovaPhone X,None,India-West,English,Customer,0
SM00672,2026-08-08 13:58,X,Update: I received information about the app usability.,17,11,0,2,880,AirBeat Pro,Always-on,India-West,English,Customer,0
SM01518,2026-08-08 14:42,LinkedIn,I expected better from NovaPhone X; the durability is a serious problem.,9,5,2,0,215,NovaPhone X,Festival Launch,India-East,English,Prospect,0
SM00648,2026-08-08 16:20,Reddit,Great job on the sound quality. This upgrade feels worth it.,35,33,1,0,1014,NovaPhone X,None,India-West,English,Prospect,0
SM00804,2026-08-08 16:23,X,I expected better from AirBeat Pro; the support response is a serious problem.,12,3,3,1,290,AirBeat Pro,Always-on,India-East,English,Prospect,0
SM01043,2026-08-08 20:32,Instagram,Update: I received information about the service centre.,17,4,5,1,503,NovaPhone X,Creator Collab,India-West,English,Community member,0
SM01397,2026-08-08 20:43,Instagram,Great job on the tracking update. This upgrade feels worth it.,28,16,3,2,815,NovaPhone X,Festival Launch,India-East,English,Customer,0
SM00340,2026-08-08 21:42,Reddit,Please resolve the battery quality. This is affecting whether I buy again.,7,5,1,0,121,AirBeat Pro,Creator Collab,India-Central,English,Prospect,0
SM00513,2026-08-08 22:13,X,Does anyone know how the new feature works for FitPulse Watch?,11,5,3,0,476,FitPulse Watch,None,India-West,English,Customer,0
SM00815,2026-08-08 22:17,Reddit,Please resolve the sound quality. This is affecting whether I buy again. Kya kisi aur ko bhi hua?,35,20,3,3,666,AirBeat Pro,None,India-East,Hinglish,Prospect,0
SM00569,2026-08-08 23:43,Instagram,Really impressed with the service centre on my AirBeat Pro. Smooth experience!,31,22,3,1,326,AirBeat Pro,Always-on,India-West,English,Customer,0
SM01103,2026-08-09 00:14,Facebook,Great job on the sound quality. This upgrade feels worth it.,27,27,0,0,871,NovaPhone X,None,India-South,English,Prospect,0
SM00013,2026-08-09 00:39,LinkedIn,Disappointed with the health tracking for NovaPhone X. This needs fixing.,12,7,1,1,701,NovaPhone X,None,India-South,English,Creator,0
SM01489,2026-08-09 01:04,LinkedIn,Comparing AirBeat Pro mainly on health tracking. Any first-hand feedback?,16,8,1,2,630,AirBeat Pro,Always-on,India-West,English,Customer,0
SM00410,2026-08-09 02:08,X,Fantastic service: still dealing with the festival deal.,10,3,2,1,794,NovaPhone X,Creator Collab,India-South,English,Customer,0
SM00215,2026-08-09 05:17,Reddit,The build quality is frustrating. Still waiting for a proper response.,10,8,1,0,390,FitPulse Watch,Always-on,India-East,English,Customer,0
SM00673,2026-08-09 05:34,LinkedIn,I expected better from AirBeat Pro; the battery life is a serious problem.,13,4,3,1,427,AirBeat Pro,Festival Launch,India-West,English,Customer,1
SM01569,2026-08-09 05:49,LinkedIn,Looking for details on festival deal before deciding.,12,7,1,1,600,HomeHub Mini,Always-on,India-South,English,Community member,0
SM01478,2026-08-09 08:17,X,I expected better from NovaPhone X; the new feature is a serious problem.,14,4,2,2,749,NovaPhone X,Creator Collab,India-North,English,Customer,0
SM00836,2026-08-09 08:32,X,The interface is frustrating. Still waiting for a proper response.,23,14,3,1,777,FitPulse Watch,Festival Launch,India-East,English,Creator,1
SM00774,2026-08-09 10:36,LinkedIn,The latest post mentions customer service for NovaPhone X.,13,4,3,1,710,NovaPhone X,Service Update,India-Central,English,Creator,0
SM00533,2026-08-09 12:50,X,I expected better from HomeHub Mini; the discount offer is a serious problem.,17,8,3,1,213,HomeHub Mini,Always-on,India-West,English,Customer,0
SM01406,2026-08-09 13:09,LinkedIn,Finally a product where the sound quality delivers what was promised.,49,42,2,1,601,FitPulse Watch,Always-on,India-West,English,Customer,0
SM00725,2026-08-09 14:42,Facebook,Loving the NovaPhone X; the easy setup works better than expected.,23,8,3,3,603,NovaPhone X,Festival Launch,India-Central,English,Customer,0
SM00602,2026-08-09 16:09,X,Loving the NovaPhone X; the camera feature works better than expected.,10,1,3,1,481,NovaPhone X,Service Update,India-Central,English,Prospect,0
SM00583,2026-08-09 16:11,Facebook,The latest post mentions delivery delay for NovaPhone X.,18,6,6,0,584,NovaPhone X,Always-on,India-South,English,Customer,0
SM00103,2026-08-09 18:22,Reddit,Great job on the battery life. This upgrade feels worth it.,18,7,4,1,815,NovaPhone X,Festival Launch,India-West,English,Creator,0
SM01110,2026-08-09 18:47,Reddit,Loving the NovaPhone X; the support response works better than expected. Overall kaafi useful hai.,21,7,7,0,797,NovaPhone X,None,India-North,Hinglish,Customer,0
SM00954,2026-08-09 20:25,YouTube,Not acceptable: delivery promise has made the whole experience difficult.,13,6,2,1,702,NovaPhone X,None,India-Central,English,Customer,0
SM00219,2026-08-09 23:26,Instagram,Not acceptable: tracking update has made the whole experience difficult.,12,6,3,0,686,NovaPhone X,None,India-Central,English,Community member,1
SM00908,2026-08-09 23:39,X,This checkout experience is fire. Did not expect it to be this good.,12,2,5,0,780,AirBeat Pro,None,India-West,English,Customer,0
SM00208,2026-08-10 01:57,X,Please resolve the checkout experience. This is affecting whether I buy again.,30,22,1,2,908,NovaPhone X,Always-on,India-Central,English,Community member,0
SM00267,2026-08-10 02:23,Reddit,Great job on the new feature. This upgrade feels worth it.,75,69,3,0,1262,AirBeat Pro,Creator Collab,India-West,English,Community member,0
SM01173,2026-08-10 03:22,X,Great job on the battery quality. This upgrade feels worth it.,11,5,0,2,376,AirBeat Pro,Festival Launch,India-North,English,Prospect,0
SM00274,2026-08-10 03:28,Facebook,Disappointed with the customer service for HomeHub Mini. This needs fixing.,34,14,4,4,865,HomeHub Mini,None,India-East,English,Customer,0
SM00868,2026-08-10 03:50,YouTube,Comparing FitPulse Watch mainly on sound quality. Any first-hand feedback?,11,9,1,0,530,FitPulse Watch,Creator Collab,India-North,English,Creator,0
SM00878,2026-08-10 10:05,LinkedIn,The festival deal is excellent. I would recommend NovaPhone X.,15,9,3,0,679,NovaPhone X,None,India-West,English,Customer,0
SM00405,2026-08-10 10:31,YouTube,Disappointed with the pairing process for NovaPhone X. This needs fixing.,28,20,1,2,551,NovaPhone X,Always-on,India-Central,English,Prospect,0
SM01341,2026-08-10 10:34,YouTube,"Love the design of HomeHub Mini, but the battery life is disappointing.",24,7,7,1,172,HomeHub Mini,Festival Launch,India-West,English,Prospect,0
SM00152,2026-08-10 12:07,Facebook,The high price is frustrating. Still waiting for a proper response.,17,9,4,0,105,NovaPhone X,Festival Launch,India-North,English,Customer,0
SM01539,2026-08-10 13:16,Instagram,Love spending my day chasing a delivery promise. Brilliant.,14,5,3,1,489,AirBeat Pro,Always-on,India-West,English,Prospect,0
SM01187,2026-08-10 18:53,Facebook,Great job on the discount offer. This upgrade feels worth it.,18,9,3,1,486,NovaPhone X,Service Update,India-North,English,Community member,0
SM00456,2026-08-11 00:10,Reddit,Not acceptable: refund help has made the whole experience difficult.,17,6,1,3,331,NovaPhone X,Festival Launch,India-Central,English,Customer,0
SM00370,2026-08-11 00:40,Reddit,Comparing AirBeat Pro mainly on pricing. Any first-hand feedback?,18,5,2,3,828,AirBeat Pro,Always-on,India-South,English,Customer,1
SM00710,2026-08-11 01:02,Instagram,I expected better from FitPulse Watch; the durability is a serious problem.,35,28,2,1,329,FitPulse Watch,None,India-West,English,Community member,0
SM00996,2026-08-11 01:45,YouTube,Comparing FitPulse Watch mainly on health tracking. Any first-hand feedback?,13,11,1,0,442,FitPulse Watch,None,India-West,English,Customer,0
SM01388,2026-08-11 01:48,Reddit,Does anyone know how the replacement process works for HomeHub Mini?,21,6,3,3,399,HomeHub Mini,Festival Launch,India-West,English,Community member,0
SM00026,2026-08-11 02:18,X,Loving the HomeHub Mini; the easy setup works better than expected. Please jaldi resolve karo.,18,10,1,2,405,HomeHub Mini,None,India-East,Hinglish,Community member,0
SM00292,2026-08-11 02:57,YouTube,The tracking update is excellent. I would recommend NovaPhone X.,14,3,4,1,719,NovaPhone X,None,India-East,English,Prospect,0
SM00519,2026-08-11 04:08,X,The tracking update is frustrating. Still waiting for a proper response.,8,4,2,0,399,AirBeat Pro,Festival Launch,India-West,English,Customer,0
SM01312,2026-08-11 06:07,Instagram,Please resolve the durability. This is affecting whether I buy again.,15,10,1,1,742,NovaPhone X,None,India-North,English,Customer,0
SM00444,2026-08-11 06:37,Instagram,Not acceptable: refund help has made the whole experience difficult.,23,15,1,2,656,HomeHub Mini,Always-on,India-North,English,Prospect,0
SM01381,2026-08-11 07:26,YouTube,Comparing HomeHub Mini mainly on customer service. Any first-hand feedback?,56,45,4,1,1139,HomeHub Mini,Always-on,India-East,English,Prospect,0
SM00824,2026-08-11 07:36,Instagram,Loving the HomeHub Mini; the battery life works better than expected.,23,11,3,2,415,HomeHub Mini,None,India-Central,English,Creator,1
SM01034,2026-08-11 07:46,YouTube,Really impressed with the delivery promise on my NovaPhone X. Smooth experience! Paisa vasool lag raha hai.,20,5,3,3,84,NovaPhone X,Festival Launch,India-Central,Hinglish,Customer,0
SM00134,2026-08-11 09:01,X,"Great features, terrible pricing. I am genuinely undecided.",14,9,1,1,811,NovaPhone X,Creator Collab,India-North,English,Prospect,0
SM00071,2026-08-11 09:52,LinkedIn,Update: I received information about the health tracking.,25,13,3,2,720,NovaPhone X,Festival Launch,India-Central,English,Prospect,0
SM00819,2026-08-11 11:29,Facebook,Loving the FitPulse Watch; the build quality works better than expected.,20,12,4,0,895,FitPulse Watch,Always-on,India-East,English,Customer,0
SM00709,2026-08-11 12:14,LinkedIn,The interface is excellent. I would recommend NovaPhone X.,37,31,3,0,330,NovaPhone X,None,India-West,English,Customer,0
SM01565,2026-08-11 13:01,Reddit,Really impressed with the pricing on my FitPulse Watch. Smooth experience!,14,3,4,1,766,FitPulse Watch,Always-on,India-North,English,Customer,0
SM00171,2026-08-11 13:56,YouTube,The package arrived is excellent. I would recommend NovaPhone X.,22,12,2,2,226,NovaPhone X,Festival Launch,India-West,English,Customer,0
SM00890,2026-08-11 15:32,YouTube,Really impressed with the build quality on my NovaPhone X. Smooth experience!,4,4,0,0,650,NovaPhone X,None,India-West,English,Prospect,0
SM00094,2026-08-11 15:59,YouTube,The battery quality is excellent. I would recommend AirBeat Pro.,26,15,1,3,394,AirBeat Pro,Always-on,India-Central,English,Customer,1
SM00191,2026-08-11 16:10,Instagram,The refund help is excellent. I would recommend AirBeat Pro.,12,5,2,1,168,AirBeat Pro,Creator Collab,India-West,English,Customer,0
SM00237,2026-08-11 16:38,Instagram,Disappointed with the support response for AirBeat Pro. This needs fixing. Kya kisi aur ko bhi hua?,16,8,1,2,425,AirBeat Pro,Always-on,India-Central,Hinglish,Customer,0
SM01067,2026-08-11 16:45,LinkedIn,Please resolve the discount offer. This is affecting whether I buy again.,26,16,2,2,755,NovaPhone X,None,India-South,English,Customer,0
SM01597,2026-08-11 17:17,Reddit,Update: I received information about the package arrived.,39,27,3,2,567,NovaPhone X,Always-on,India-Central,English,Prospect,0
SM00737,2026-08-11 17:22,YouTube,Loving the AirBeat Pro; the health tracking works better than expected.,11,8,0,1,615,AirBeat Pro,None,India-East,English,Customer,0
SM01125,2026-08-11 17:24,YouTube,"The product is good overall, although the app usability needs improvement.",29,22,2,1,921,HomeHub Mini,Always-on,India-Central,English,Community member,0
SM01133,2026-08-11 18:35,YouTube,Really impressed with the support response on my AirBeat Pro. Smooth experience!,21,14,2,1,381,AirBeat Pro,None,India-East,English,Customer,0
SM00281,2026-08-11 18:59,YouTube,Love spending my day chasing a pricing. Brilliant.,26,19,2,1,222,FitPulse Watch,Creator Collab,India-East,English,Creator,0
SM00086,2026-08-11 21:05,Reddit,Great job on the voice control. This upgrade feels worth it.,11,11,0,0,642,HomeHub Mini,Festival Launch,India-North,English,Customer,0
SM01140,2026-08-11 22:06,Reddit,Really impressed with the battery quality on my FitPulse Watch. Smooth experience!,13,4,3,1,136,FitPulse Watch,Always-on,India-West,English,Customer,1
SM00293,2026-08-11 22:17,X,The battery life is excellent. I would recommend NovaPhone X.,15,4,1,3,741,NovaPhone X,Festival Launch,India-Central,English,Customer,0
SM00800,2026-08-11 23:18,YouTube,Update: I received information about the customer service.,50,38,3,2,434,AirBeat Pro,None,India-West,English,Customer,0
SM01040,2026-08-12 00:27,YouTube,The product quality is frustrating. Still waiting for a proper response.,31,26,1,1,404,NovaPhone X,Creator Collab,India-Central,English,Customer,0
SM01460,2026-08-12 01:01,Instagram,Finally a product where the pairing process delivers what was promised. Paisa vasool lag raha hai.,13,5,4,0,711,AirBeat Pro,None,India-Central,Hinglish,Customer,0
SM00716,2026-08-12 02:25,Instagram,Disappointed with the customer service for AirBeat Pro. This needs fixing.,16,8,4,0,858,AirBeat Pro,Service Update,India-West,English,Prospect,0
SM01127,2026-08-12 06:31,X,Does anyone know how the package arrived works for HomeHub Mini?,14,12,1,0,779,HomeHub Mini,Festival Launch,India-North,English,Customer,0
SM00180,2026-08-12 06:46,YouTube,I expected better from NovaPhone X; the replacement process is a serious problem.,13,3,2,2,417,NovaPhone X,None,India-Central,English,Customer,0
SM01206,2026-08-12 07:06,Reddit,Does anyone know how the sound quality works for HomeHub Mini?,52,36,2,4,376,HomeHub Mini,Service Update,India-East,English,Prospect,0
SM00818,2026-08-12 09:15,LinkedIn,The pricing is frustrating. Still waiting for a proper response.,17,3,7,0,464,NovaPhone X,Creator Collab,India-East,English,Customer,0
SM00593,2026-08-12 10:00,Reddit,I expected better from AirBeat Pro; the battery quality is a serious problem.,11,2,0,3,381,AirBeat Pro,Festival Launch,India-East,English,Prospect,0
SM00743,2026-08-12 10:24,Reddit,The service centre is excellent. I would recommend AirBeat Pro.,15,7,1,2,701,AirBeat Pro,Festival Launch,India-North,English,Customer,0
SM01286,2026-08-12 11:17,LinkedIn,Loving the FitPulse Watch; the refund help works better than expected.,22,16,3,0,491,FitPulse Watch,None,India-North,English,Prospect,0
SM00090,2026-08-12 11:33,X,Update: I received information about the battery quality.,7,5,1,0,127,HomeHub Mini,None,India-East,English,Community member,0
SM00380,2026-08-12 13:41,Instagram,Disappointed with the refund help for NovaPhone X. This needs fixing.,37,15,8,2,913,NovaPhone X,Festival Launch,India-Central,English,Customer,1
SM01587,2026-08-12 13:54,YouTube,The latest post mentions delivery promise for NovaPhone X.,16,5,4,1,622,NovaPhone X,Always-on,India-East,English,Creator,0
SM00678,2026-08-12 13:55,Reddit,Disappointed with the high price for FitPulse Watch. This needs fixing.,15,5,5,0,124,FitPulse Watch,None,India-South,English,Customer,0
SM01136,2026-08-12 16:39,YouTube,The festival deal is frustrating. Still waiting for a proper response.,0,0,0,0,50,AirBeat Pro,None,India-Central,English,Community member,0
SM00769,2026-08-12 17:25,Facebook,Please resolve the delivery promise. This is affecting whether I buy again.,17,7,5,0,819,FitPulse Watch,Creator Collab,India-West,English,Customer,0
SM01592,2026-08-12 19:27,LinkedIn,The package arrived is frustrating. Still waiting for a proper response.,36,28,1,2,372,HomeHub Mini,None,India-Central,English,Customer,0
SM01541,2026-08-12 19:53,LinkedIn,The latest post mentions voice control for HomeHub Mini.,80,71,3,1,944,HomeHub Mini,Service Update,India-South,English,Creator,1
SM00785,2026-08-12 20:12,Instagram,The latest post mentions refund help for AirBeat Pro.,11,5,0,2,603,AirBeat Pro,Always-on,India-Central,English,Customer,0
SM00909,2026-08-12 21:53,YouTube,Disappointed with the pairing process for FitPulse Watch. This needs fixing.,5,3,1,0,270,FitPulse Watch,None,India-South,English,Community member,0
SM00294,2026-08-12 23:00,Facebook,Please resolve the easy setup. This is affecting whether I buy again.,16,13,0,1,504,NovaPhone X,Always-on,India-North,English,Customer,0
SM00679,2026-08-12 23:04,Instagram,Loving the HomeHub Mini; the festival deal works better than expected.,13,1,3,2,286,HomeHub Mini,Always-on,India-North,English,Customer,1
SM01344,2026-08-12 23:30,Facebook,Loving the FitPulse Watch; the app usability works better than expected.,51,36,6,1,519,FitPulse Watch,Service Update,India-East,English,Customer,0
SM01462,2026-08-13 02:09,Facebook,The battery life is excellent. I would recommend AirBeat Pro.,21,10,4,1,275,AirBeat Pro,None,India-South,English,Community member,0
SM01095,2026-08-13 02:31,Instagram,Really impressed with the service centre on my FitPulse Watch. Smooth experience!,15,4,4,1,433,FitPulse Watch,Always-on,India-North,English,Prospect,0
SM00436,2026-08-13 05:14,YouTube,Please resolve the festival deal. This is affecting whether I buy again.,12,5,2,1,194,HomeHub Mini,Service Update,India-East,English,Creator,0
SM00140,2026-08-13 09:23,YouTube,The battery life is excellent. I would recommend FitPulse Watch.,16,10,0,2,854,FitPulse Watch,Creator Collab,India-Central,English,Prospect,0
SM00919,2026-08-13 10:13,Facebook,Looking for details on refund help before deciding.,31,27,2,0,913,FitPulse Watch,None,India-Central,English,Customer,0
SM01301,2026-08-13 10:24,YouTube,Please resolve the refund help. This is affecting whether I buy again.,15,3,3,2,70,FitPulse Watch,None,India-South,English,Customer,0
SM00646,2026-08-13 11:47,LinkedIn,The voice control is frustrating. Still waiting for a proper response. Please jaldi resolve karo.,16,10,3,0,171,HomeHub Mini,Festival Launch,India-South,Hinglish,Customer,1
SM01116,2026-08-13 14:45,X,Disappointed with the high price for NovaPhone X. This needs fixing. Paisa vasool lag raha hai.,23,19,2,0,922,NovaPhone X,Creator Collab,India-North,Hinglish,Prospect,0
SM01269,2026-08-13 17:07,X,Finally a product where the high price delivers what was promised.,21,12,3,1,531,NovaPhone X,None,India-East,English,Creator,0
SM00131,2026-08-13 17:59,Instagram,I expected better from FitPulse Watch; the late delivery is a serious problem. Please jaldi resolve karo.,41,27,4,2,289,FitPulse Watch,Festival Launch,India-Central,Hinglish,Creator,0
SM00903,2026-08-13 18:03,Instagram,Please resolve the sound quality. This is affecting whether I buy again. Paisa vasool lag raha hai.,13,11,1,0,413,NovaPhone X,Always-on,India-East,Hinglish,Creator,0
SM00881,2026-08-13 20:02,Facebook,Finally a product where the delivery delay delivers what was promised.,26,22,2,0,501,AirBeat Pro,Always-on,India-North,English,Customer,0
SM00193,2026-08-13 20:17,Instagram,Finally a product where the delivery promise delivers what was promised.,21,6,3,3,501,AirBeat Pro,None,India-North,English,Customer,0
SM00560,2026-08-13 20:41,Reddit,Loving the FitPulse Watch; the health tracking works better than expected.,47,41,3,0,856,FitPulse Watch,Creator Collab,India-South,English,Customer,0
SM00825,2026-08-13 21:52,YouTube,The voice control is frustrating. Still waiting for a proper response.,14,2,3,2,520,AirBeat Pro,Festival Launch,India-Central,English,Customer,0
SM00937,2026-08-13 23:39,LinkedIn,The delivery promise is excellent. I would recommend FitPulse Watch. Kya kisi aur ko bhi hua?,21,7,4,2,644,FitPulse Watch,Festival Launch,India-East,Hinglish,Customer,0
SM00613,2026-08-14 00:15,LinkedIn,The delivery promise is excellent. I would recommend FitPulse Watch.,13,11,1,0,709,FitPulse Watch,Service Update,India-West,English,Customer,0
SM00628,2026-08-14 03:58,Instagram,Disappointed with the battery quality for NovaPhone X. This needs fixing.,8,0,4,0,181,NovaPhone X,Service Update,India-South,English,Prospect,0
SM01129,2026-08-14 06:13,YouTube,Disappointed with the value for money for NovaPhone X. This needs fixing.,8,2,0,2,432,NovaPhone X,Creator Collab,India-North,English,Prospect,0
SM01099,2026-08-14 06:31,Instagram,Not acceptable: app usability has made the whole experience difficult.,57,53,2,0,791,FitPulse Watch,Festival Launch,India-North,English,Prospect,0
SM01278,2026-08-14 08:19,Instagram,Amazing how the durability keeps getting worse.,8,3,1,1,500,AirBeat Pro,Always-on,India-North,English,Customer,0
SM00128,2026-08-14 09:14,Instagram,Not acceptable: sound quality has made the whole experience difficult.,20,4,5,2,140,AirBeat Pro,Always-on,India-West,English,Creator,0
SM00182,2026-08-14 11:11,X,I expected better from NovaPhone X; the app usability is a serious problem.,68,59,0,3,899,NovaPhone X,Always-on,India-South,English,Customer,0
SM01333,2026-08-14 15:40,YouTube,Great job on the battery life. This upgrade feels worth it. Overall kaafi useful hai.,27,19,1,2,528,HomeHub Mini,Festival Launch,India-Central,Hinglish,Customer,0
SM01050,2026-08-14 15:42,X,I expected better from HomeHub Mini; the discount offer is a serious problem.,19,1,6,2,476,HomeHub Mini,Festival Launch,India-East,English,Prospect,0
SM00307,2026-08-14 17:25,Instagram,The battery life is frustrating. Still waiting for a proper response.,28,16,3,2,183,FitPulse Watch,Creator Collab,India-East,English,Prospect,0
SM00632,2026-08-14 20:34,LinkedIn,The latest post mentions tracking update for HomeHub Mini.,59,51,1,2,936,HomeHub Mini,Festival Launch,India-North,English,Creator,0
SM01193,2026-08-14 20:39,LinkedIn,Loving the AirBeat Pro; the late delivery works better than expected.,56,48,1,2,499,AirBeat Pro,None,India-North,English,Creator,0
SM00190,2026-08-14 21:19,YouTube,Really impressed with the sound quality on my NovaPhone X. Smooth experience!,14,4,5,0,534,NovaPhone X,None,India-South,English,Community member,0
SM01126,2026-08-14 21:23,X,Really impressed with the festival deal on my NovaPhone X. Smooth experience!,13,5,1,2,124,NovaPhone X,None,India-North,English,Customer,0
SM00526,2026-08-15 01:55,Reddit,Disappointed with the delivery promise for AirBeat Pro. This needs fixing. Overall kaafi useful hai.,35,30,1,1,493,AirBeat Pro,Festival Launch,India-West,Hinglish,Customer,0
SM00764,2026-08-15 02:21,Instagram,Disappointed with the delivery delay for AirBeat Pro. This needs fixing. Please jaldi resolve karo.,36,19,4,3,562,AirBeat Pro,Always-on,India-Central,Hinglish,Prospect,0
SM00688,2026-08-15 02:35,Instagram,The latest post mentions health tracking for FitPulse Watch.,28,19,3,1,491,FitPulse Watch,None,India-North,English,Customer,0
SM00334,2026-08-15 03:22,LinkedIn,Update: I received information about the pricing.,9,2,2,1,462,NovaPhone X,Service Update,India-North,English,Customer,0
SM01427,2026-08-15 04:29,LinkedIn,Comparing FitPulse Watch mainly on delivery promise. Any first-hand feedback?,68,55,5,1,849,FitPulse Watch,None,India-West,English,Prospect,0
SM01497,2026-08-15 08:11,LinkedIn,Great job on the sound quality. This upgrade feels worth it.,40,36,2,0,795,NovaPhone X,None,India-South,English,Customer,0
SM01403,2026-08-15 09:57,X,Disappointed with the new feature for AirBeat Pro. This needs fixing.,9,1,1,2,718,AirBeat Pro,Creator Collab,India-North,English,Prospect,0
SM01049,2026-08-15 10:16,X,Does anyone know how the high price works for AirBeat Pro? Please jaldi resolve karo.,10,3,2,1,601,AirBeat Pro,Festival Launch,India-East,Hinglish,Prospect,0
SM00112,2026-08-15 11:54,X,The delivery promise is frustrating. Still waiting for a proper response.,16,9,2,1,133,FitPulse Watch,None,India-North,English,Customer,1
SM00880,2026-08-15 12:38,Instagram,Loving the NovaPhone X; the checkout experience works better than expected.,23,11,3,2,463,NovaPhone X,Creator Collab,India-South,English,Customer,1
SM00045,2026-08-15 12:46,YouTube,Update: I received information about the value for money.,12,6,3,0,555,NovaPhone X,None,India-South,English,Community member,0
SM00985,2026-08-15 13:59,X,Comparing NovaPhone X mainly on product quality. Any first-hand feedback?,13,3,2,2,781,NovaPhone X,Festival Launch,India-East,English,Customer,0
SM01017,2026-08-15 14:19,Reddit,The latest post mentions refund help for FitPulse Watch. Paisa vasool lag raha hai.,25,13,3,2,291,FitPulse Watch,Creator Collab,India-North,Hinglish,Customer,0
SM00371,2026-08-15 14:45,Facebook,The value for money is excellent. I would recommend HomeHub Mini.,38,30,1,2,895,HomeHub Mini,Always-on,India-North,English,Customer,0
SM01137,2026-08-15 16:01,Instagram,Great job on the easy setup. This upgrade feels worth it.,17,8,3,1,180,NovaPhone X,Festival Launch,India-West,English,Community member,0
SM00186,2026-08-15 16:04,Facebook,Looking for details on battery quality before deciding.,10,5,1,1,281,NovaPhone X,None,India-North,English,Prospect,0
SM00568,2026-08-15 20:04,Facebook,Happy with performance but unhappy about the late delivery.,22,10,3,2,326,NovaPhone X,None,India-North,English,Customer,0
SM00068,2026-08-15 20:53,LinkedIn,The service centre is frustrating. Still waiting for a proper response.,11,5,3,0,691,FitPulse Watch,Always-on,India-North,English,Customer,0
SM00901,2026-08-15 22:00,Instagram,"Great, another festival deal. Exactly what customers needed. Please jaldi resolve karo.",8,3,1,1,365,FitPulse Watch,None,India-North,Hinglish,Prospect,0
SM00941,2026-08-15 22:43,LinkedIn,Comparing NovaPhone X mainly on value for money. Any first-hand feedback?,17,14,0,1,251,NovaPhone X,Always-on,India-North,English,Customer,0
SM00058,2026-08-15 23:59,LinkedIn,Finally a product where the sound quality delivers what was promised. Paisa vasool lag raha hai.,15,4,4,1,563,FitPulse Watch,None,India-East,Hinglish,Customer,0
SM01053,2026-08-16 01:24,X,Great job on the high price. This upgrade feels worth it.,9,1,1,2,315,AirBeat Pro,Service Update,India-South,English,Customer,0
SM01581,2026-08-16 02:22,Instagram,Finally a product where the battery quality delivers what was promised.,72,62,2,2,868,FitPulse Watch,None,India-Central,English,Prospect,0
SM00922,2026-08-16 02:25,X,Finally a product where the discount offer delivers what was promised.,14,2,6,0,445,AirBeat Pro,Always-on,India-North,English,Prospect,0
SM01273,2026-08-16 02:53,LinkedIn,Looking for details on interface before deciding.,18,7,4,1,339,NovaPhone X,Creator Collab,India-Central,English,Customer,0
SM01044,2026-08-16 03:25,Instagram,Really impressed with the durability on my NovaPhone X. Smooth experience!,6,4,1,0,466,NovaPhone X,Service Update,India-Central,English,Customer,0
SM00744,2026-08-16 03:51,LinkedIn,The latest post mentions support response for FitPulse Watch.,12,6,3,0,778,FitPulse Watch,None,India-South,English,Prospect,0
SM00155,2026-08-16 06:13,X,"Great, another service centre. Exactly what customers needed.",71,56,3,3,669,NovaPhone X,Always-on,India-Central,English,Customer,0
SM01106,2026-08-16 06:38,Reddit,Amazing how the app usability keeps getting worse.,12,6,3,0,846,NovaPhone X,Service Update,India-Central,English,Prospect,0
SM00923,2026-08-16 07:23,LinkedIn,Not acceptable: late delivery has made the whole experience difficult.,51,44,2,1,627,NovaPhone X,None,India-West,English,Customer,0
SM01075,2026-08-16 10:20,X,Not acceptable: service centre has made the whole experience difficult.,18,4,1,4,786,FitPulse Watch,Always-on,India-South,English,Customer,0
SM00288,2026-08-16 13:12,Reddit,Loving the AirBeat Pro; the support response works better than expected.,87,82,1,1,1021,AirBeat Pro,Always-on,India-North,English,Creator,0
SM00594,2026-08-16 14:34,X,The latest post mentions tracking update for AirBeat Pro.,33,20,2,3,397,AirBeat Pro,Always-on,India-West,English,Prospect,0
SM00254,2026-08-16 16:04,YouTube,Finally a product where the discount offer delivers what was promised.,29,8,6,3,235,AirBeat Pro,Always-on,India-East,English,Community member,0
SM00638,2026-08-16 17:32,Facebook,I expected better from HomeHub Mini; the pricing is a serious problem.,13,7,3,0,675,HomeHub Mini,Always-on,India-Central,English,Prospect,0
SM00151,2026-08-16 18:10,LinkedIn,Please resolve the pricing. This is affecting whether I buy again.,16,9,2,1,271,NovaPhone X,Creator Collab,India-South,English,Prospect,0
SM00963,2026-08-16 19:50,Instagram,Great job on the festival deal. This upgrade feels worth it.,29,21,1,2,351,FitPulse Watch,Service Update,India-West,English,Customer,0
SM00216,2026-08-16 20:00,Facebook,This discount offer is fire. Did not expect it to be this good.,14,4,2,2,144,FitPulse Watch,None,India-West,English,Customer,0
SM01528,2026-08-16 21:45,Instagram,Great job on the new feature. This upgrade feels worth it.,67,55,3,2,764,HomeHub Mini,Festival Launch,India-North,English,Customer,0
SM01091,2026-08-16 22:29,Instagram,Finally a product where the package arrived delivers what was promised.,29,15,4,2,241,NovaPhone X,Always-on,India-East,English,Customer,0
SM00806,2026-08-16 22:32,Reddit,The discount offer is excellent. I would recommend FitPulse Watch.,6,2,2,0,696,FitPulse Watch,Festival Launch,India-South,English,Customer,0
SM00949,2026-08-17 00:20,Reddit,Really impressed with the customer service on my FitPulse Watch. Smooth experience! Overall kaafi useful hai.,79,71,1,2,1218,FitPulse Watch,Always-on,India-South,Hinglish,Community member,1
SM01056,2026-08-17 00:54,YouTube,Not acceptable: late delivery has made the whole experience difficult.,24,13,1,3,823,AirBeat Pro,Always-on,India-South,English,Prospect,0
SM00801,2026-08-17 02:12,LinkedIn,Amazing how the high price keeps getting worse.,17,3,4,2,102,AirBeat Pro,Festival Launch,India-Central,English,Customer,0
SM01276,2026-08-17 05:05,Facebook,The camera feature is excellent. I would recommend NovaPhone X.,11,5,0,2,665,NovaPhone X,Festival Launch,India-West,English,Customer,0
SM00411,2026-08-17 05:07,LinkedIn,Comparing FitPulse Watch mainly on delivery promise. Any first-hand feedback?,6,2,2,0,776,FitPulse Watch,Festival Launch,India-West,English,Community member,0
SM01317,2026-08-17 05:35,Reddit,Not acceptable: tracking update has made the whole experience difficult.,25,11,4,2,347,NovaPhone X,None,India-South,English,Prospect,0
SM01456,2026-08-17 06:54,Reddit,AirBeat Pro absolutely slaps when it comes to pricing.,14,3,4,1,87,AirBeat Pro,Festival Launch,India-South,English,Customer,0
SM01429,2026-08-17 08:03,Instagram,I expected better from NovaPhone X; the camera feature is a serious problem.,15,5,5,0,110,NovaPhone X,Festival Launch,India-South,English,Customer,1
SM00401,2026-08-17 08:18,Instagram,I expected better from FitPulse Watch; the health tracking is a serious problem.,16,9,2,1,333,FitPulse Watch,None,India-Central,English,Prospect,0
SM01459,2026-08-17 08:41,Facebook,The checkout experience is frustrating. Still waiting for a proper response.,27,4,10,1,620,HomeHub Mini,Service Update,India-West,English,Customer,0
SM00620,2026-08-17 10:58,YouTube,The customer service is frustrating. Still waiting for a proper response.,68,63,1,1,939,NovaPhone X,Always-on,India-West,English,Community member,0
SM00241,2026-08-17 12:48,Instagram,The delivery promise is excellent. I would recommend FitPulse Watch.,35,22,5,1,480,FitPulse Watch,Always-on,India-West,English,Customer,1
SM00431,2026-08-17 12:52,X,Please resolve the battery life. This is affecting whether I buy again.,21,17,2,0,465,NovaPhone X,Always-on,India-North,English,Community member,0
SM00566,2026-08-17 13:04,Instagram,The easy setup is excellent. I would recommend HomeHub Mini.,32,29,0,1,283,HomeHub Mini,Festival Launch,India-Central,English,Community member,0
SM01194,2026-08-17 13:18,Reddit,Disappointed with the pairing process for NovaPhone X. This needs fixing.,16,11,1,1,715,NovaPhone X,Festival Launch,India-Central,English,Prospect,1
SM00416,2026-08-17 13:22,X,Happy with performance but unhappy about the service centre.,14,8,3,0,356,NovaPhone X,Always-on,India-West,English,Customer,0
SM01431,2026-08-17 13:51,X,Loving the NovaPhone X; the service centre works better than expected.,12,4,1,2,61,NovaPhone X,Service Update,India-West,English,Prospect,0
SM01310,2026-08-17 13:59,X,The festival deal is excellent. I would recommend HomeHub Mini.,9,3,0,2,479,HomeHub Mini,Always-on,India-East,English,Customer,0
SM01086,2026-08-17 14:00,YouTube,"Great features, terrible tracking update. I am genuinely undecided.",27,17,2,2,538,HomeHub Mini,Creator Collab,India-East,English,Community member,0
SM00141,2026-08-17 16:28,Reddit,The latest post mentions sound quality for AirBeat Pro. Paisa vasool lag raha hai.,9,5,2,0,440,AirBeat Pro,None,India-East,Hinglish,Community member,0
SM00027,2026-08-17 16:42,Reddit,The durability is excellent. I would recommend NovaPhone X.,13,7,3,0,499,NovaPhone X,None,India-Central,English,Community member,0
SM01383,2026-08-17 18:06,YouTube,Amazing how the delivery promise keeps getting worse.,17,3,4,2,604,FitPulse Watch,Service Update,India-South,English,Customer,0
SM00100,2026-08-17 22:11,YouTube,Update: I received information about the customer service.,25,17,4,0,366,FitPulse Watch,Service Update,India-Central,English,Prospect,0
SM00333,2026-08-17 23:06,Instagram,Really impressed with the interface on my NovaPhone X. Smooth experience!,24,9,3,3,722,NovaPhone X,Always-on,India-Central,English,Customer,1
SM00487,2026-08-18 00:41,Reddit,Not acceptable: durability has made the whole experience difficult.,14,1,2,3,747,HomeHub Mini,Festival Launch,India-East,English,Community member,0
SM01021,2026-08-18 01:36,Facebook,The value for money is frustrating. Still waiting for a proper response.,13,7,0,2,725,NovaPhone X,Service Update,India-East,English,Prospect,0
SM00343,2026-08-18 04:35,Reddit,Finally a product where the build quality delivers what was promised. Please jaldi resolve karo.,35,25,5,0,717,NovaPhone X,Always-on,India-South,Hinglish,Customer,0
SM01377,2026-08-18 04:41,LinkedIn,Really impressed with the customer service on my HomeHub Mini. Smooth experience!,13,8,1,1,461,HomeHub Mini,Service Update,India-West,English,Creator,0
SM01415,2026-08-18 06:00,Facebook,Happy with performance but unhappy about the discount offer.,26,22,2,0,903,HomeHub Mini,Always-on,India-North,English,Community member,0
SM01124,2026-08-18 06:13,Instagram,Really impressed with the health tracking on my FitPulse Watch. Smooth experience!,27,16,4,1,292,FitPulse Watch,None,India-East,English,Creator,0
SM00145,2026-08-18 06:58,Instagram,Loving the NovaPhone X; the easy setup works better than expected.,11,4,2,1,151,NovaPhone X,Festival Launch,India-East,English,Prospect,0
SM01283,2026-08-18 07:48,Facebook,Finally a product where the festival deal delivers what was promised.,35,29,3,0,1031,NovaPhone X,Always-on,India-North,English,Customer,0
SM01522,2026-08-18 08:31,Reddit,Really impressed with the delivery delay on my NovaPhone X. Smooth experience!,10,2,1,2,191,NovaPhone X,Festival Launch,India-South,English,Community member,0
SM01001,2026-08-18 08:34,Reddit,I expected better from AirBeat Pro; the service centre is a serious problem.,19,4,3,3,685,AirBeat Pro,Creator Collab,India-North,English,Community member,0
SM01498,2026-08-18 10:42,LinkedIn,Really impressed with the pricing on my AirBeat Pro. Smooth experience!,3,3,0,0,648,AirBeat Pro,Always-on,India-North,English,Creator,0
SM00052,2026-08-18 14:51,Reddit,Please resolve the late delivery. This is affecting whether I buy again. Overall kaafi useful hai.,3,1,1,0,384,FitPulse Watch,None,India-East,Hinglish,Customer,0
SM01367,2026-08-18 14:53,X,The latest post mentions service centre for NovaPhone X.,38,34,2,0,341,NovaPhone X,None,India-West,English,Prospect,0
SM01532,2026-08-18 15:06,YouTube,Finally a product where the late delivery delivers what was promised.,13,3,5,0,802,AirBeat Pro,None,India-North,English,Community member,0
SM01550,2026-08-18 16:45,Instagram,Please resolve the camera feature. This is affecting whether I buy again.,35,15,4,4,867,FitPulse Watch,Always-on,India-Central,English,Prospect,0
SM01596,2026-08-18 17:17,YouTube,Not acceptable: package arrived has made the whole experience difficult.,76,65,4,1,1300,HomeHub Mini,Festival Launch,India-South,English,Customer,1
SM00959,2026-08-18 17:26,YouTube,The battery life is excellent. I would recommend AirBeat Pro.,22,13,3,1,430,AirBeat Pro,Festival Launch,India-East,English,Prospect,0
SM00373,2026-08-18 18:35,Instagram,Comparing AirBeat Pro mainly on delivery promise. Any first-hand feedback?,100,91,3,1,1511,AirBeat Pro,Festival Launch,India-North,English,Prospect,0
SM00967,2026-08-18 19:01,Instagram,Disappointed with the battery quality for AirBeat Pro. This needs fixing.,10,1,0,3,688,AirBeat Pro,Always-on,India-East,English,Prospect,0
SM00768,2026-08-18 20:32,Instagram,Comparing AirBeat Pro mainly on replacement process. Any first-hand feedback?,8,8,0,0,113,AirBeat Pro,Festival Launch,India-Central,English,Customer,0
SM00243,2026-08-18 20:56,LinkedIn,Great job on the delivery delay. This upgrade feels worth it.,10,2,1,2,661,HomeHub Mini,None,India-East,English,Creator,1
SM01248,2026-08-18 22:58,LinkedIn,Disappointed with the discount offer for FitPulse Watch. This needs fixing.,29,13,2,4,652,FitPulse Watch,Creator Collab,India-North,English,Prospect,0
SM00462,2026-08-19 00:03,YouTube,Update: I received information about the easy setup.,13,9,2,0,727,HomeHub Mini,Festival Launch,India-South,English,Customer,0
SM01342,2026-08-19 00:35,Instagram,Finally a product where the easy setup delivers what was promised.,11,4,2,1,585,FitPulse Watch,None,India-North,English,Customer,0
SM00311,2026-08-19 03:25,Instagram,Not acceptable: checkout experience has made the whole experience difficult.,16,3,5,1,545,HomeHub Mini,Creator Collab,India-West,English,Customer,0
SM00407,2026-08-19 03:42,YouTube,NovaPhone X absolutely slaps when it comes to pairing process.,53,38,3,3,638,NovaPhone X,Festival Launch,India-East,English,Community member,0
SM00268,2026-08-19 03:52,LinkedIn,Please resolve the new feature. This is affecting whether I buy again.,24,9,6,1,838,AirBeat Pro,Always-on,India-Central,English,Customer,1
SM01572,2026-08-19 06:37,Reddit,The package arrived is frustrating. Still waiting for a proper response.,13,4,3,1,465,AirBeat Pro,Always-on,India-North,English,Customer,0
SM01237,2026-08-19 06:46,YouTube,I expected better from HomeHub Mini; the sound quality is a serious problem.,4,2,1,0,643,HomeHub Mini,Festival Launch,India-North,English,Customer,0
SM01069,2026-08-19 06:54,Reddit,Really impressed with the refund help on my NovaPhone X. Smooth experience!,18,11,2,1,140,NovaPhone X,Festival Launch,India-North,English,Customer,0
SM00576,2026-08-19 08:40,YouTube,NovaPhone X absolutely slaps when it comes to festival deal.,20,14,0,2,709,NovaPhone X,Creator Collab,India-North,English,Prospect,0
SM00603,2026-08-19 08:48,Facebook,Finally a product where the health tracking delivers what was promised.,7,1,3,0,682,NovaPhone X,Always-on,India-East,English,Community member,0
SM01562,2026-08-19 09:11,Instagram,Finally a product where the durability delivers what was promised.,20,6,1,4,125,AirBeat Pro,Service Update,India-East,English,Customer,0
SM00761,2026-08-19 09:27,Instagram,Really impressed with the durability on my NovaPhone X. Smooth experience!,15,3,6,0,158,NovaPhone X,Creator Collab,India-West,English,Prospect,0
SM01035,2026-08-19 11:45,Reddit,AirBeat Pro absolutely slaps when it comes to delivery promise.,29,9,4,4,746,AirBeat Pro,Creator Collab,India-West,English,Customer,1
SM00320,2026-08-19 12:18,YouTube,The discount offer is excellent. I would recommend AirBeat Pro.,47,32,0,5,952,AirBeat Pro,Festival Launch,India-Central,English,Customer,0
SM00192,2026-08-19 14:49,Instagram,Loving the AirBeat Pro; the battery life works better than expected.,19,13,3,0,434,AirBeat Pro,Festival Launch,India-North,English,Creator,0
SM01259,2026-08-19 15:01,YouTube,I expected better from NovaPhone X; the durability is a serious problem. Kya kisi aur ko bhi hua?,11,2,3,1,50,NovaPhone X,Service Update,India-Central,Hinglish,Customer,0
SM00780,2026-08-19 15:21,Instagram,The latest post mentions new feature for HomeHub Mini.,12,10,1,0,379,HomeHub Mini,Festival Launch,India-North,English,Customer,0
SM01176,2026-08-19 15:46,LinkedIn,"Great, another delivery delay. Exactly what customers needed. Kya kisi aur ko bhi hua?",8,2,3,0,681,HomeHub Mini,None,India-Central,Hinglish,Prospect,0
SM00420,2026-08-19 17:42,Instagram,Great job on the package arrived. This upgrade feels worth it.,81,66,3,3,967,FitPulse Watch,Always-on,India-Central,English,Customer,0
SM00122,2026-08-19 18:07,Reddit,The package arrived is frustrating. Still waiting for a proper response.,32,24,4,0,818,AirBeat Pro,Service Update,India-Central,English,Creator,0
SM00153,2026-08-19 21:14,Instagram,Looking for details on package arrived before deciding.,33,18,3,3,720,HomeHub Mini,None,India-South,English,Customer,0
SM01004,2026-08-19 22:03,LinkedIn,The latest post mentions app usability for NovaPhone X.,26,4,5,4,360,NovaPhone X,Festival Launch,India-South,English,Creator,0
SM00194,2026-08-19 22:46,Reddit,Disappointed with the easy setup for HomeHub Mini. This needs fixing.,15,4,4,1,597,HomeHub Mini,Service Update,India-Central,English,Community member,0
SM01232,2026-08-19 23:31,YouTube,Comparing NovaPhone X mainly on delivery promise. Any first-hand feedback?,125,120,1,1,1527,NovaPhone X,None,India-North,English,Creator,0
SM01373,2026-08-20 00:05,Reddit,The delivery promise is excellent. I would recommend NovaPhone X.,18,9,0,3,658,NovaPhone X,Always-on,India-Central,English,Community member,0
SM00484,2026-08-20 00:31,LinkedIn,HomeHub Mini absolutely slaps when it comes to easy setup.,12,2,2,2,198,HomeHub Mini,Service Update,India-North,English,Creator,0
SM00958,2026-08-20 02:50,LinkedIn,The replacement process is frustrating. Still waiting for a proper response.,15,10,1,1,343,AirBeat Pro,Always-on,India-West,English,Community member,0
SM00587,2026-08-20 03:44,Reddit,Fantastic service: still dealing with the checkout experience. Please jaldi resolve karo.,28,16,3,2,794,AirBeat Pro,Creator Collab,India-Central,Hinglish,Customer,0
SM01122,2026-08-20 04:29,Instagram,Great job on the app usability. This upgrade feels worth it.,7,5,1,0,561,NovaPhone X,Festival Launch,India-West,English,Prospect,0
SM00873,2026-08-20 04:44,Instagram,Loving the AirBeat Pro; the checkout experience works better than expected.,21,13,1,2,154,AirBeat Pro,None,India-Central,English,Customer,0
SM01553,2026-08-20 05:00,X,Update: I received information about the value for money.,19,5,4,2,736,AirBeat Pro,Service Update,India-East,English,Customer,0
SM00070,2026-08-20 05:28,Reddit,The replacement process is excellent. I would recommend NovaPhone X.,63,50,2,3,848,NovaPhone X,Service Update,India-West,English,Customer,0
SM01221,2026-08-20 07:24,YouTube,The latest post mentions tracking update for HomeHub Mini.,38,29,3,1,735,HomeHub Mini,Always-on,India-South,English,Customer,0
SM00950,2026-08-20 07:47,Instagram,The sound quality is excellent. I would recommend NovaPhone X.,14,5,3,1,747,NovaPhone X,Always-on,India-South,English,Customer,0
SM01307,2026-08-20 09:02,X,The camera feature is frustrating. Still waiting for a proper response.,17,4,2,3,580,NovaPhone X,None,India-West,English,Customer,0
SM01439,2026-08-20 09:12,Instagram,NovaPhone X absolutely slaps when it comes to sound quality.,18,8,2,2,196,NovaPhone X,Creator Collab,India-North,English,Prospect,0
SM01395,2026-08-20 11:18,Reddit,Update: I received information about the late delivery.,14,3,4,1,797,FitPulse Watch,Festival Launch,India-Central,English,Customer,0
SM00886,2026-08-20 13:44,YouTube,Really impressed with the pairing process on my NovaPhone X. Smooth experience!,17,11,3,0,585,NovaPhone X,Creator Collab,India-East,English,Customer,0
SM00488,2026-08-20 15:19,LinkedIn,The product quality is excellent. I would recommend NovaPhone X.,13,7,3,0,137,NovaPhone X,Service Update,India-South,English,Customer,1
SM00918,2026-08-20 18:23,LinkedIn,Not acceptable: camera feature has made the whole experience difficult.,19,9,2,2,492,NovaPhone X,None,India-South,English,Customer,1
SM00008,2026-08-20 18:45,YouTube,I expected better from HomeHub Mini; the product quality is a serious problem.,21,15,3,0,643,HomeHub Mini,None,India-Central,English,Customer,0
SM00031,2026-08-20 19:13,Instagram,Loving the AirBeat Pro; the value for money works better than expected.,68,56,3,2,1204,AirBeat Pro,None,India-West,English,Customer,0
SM00195,2026-08-20 21:00,Instagram,Great job on the support response. This upgrade feels worth it.,15,3,3,2,763,NovaPhone X,Festival Launch,India-Central,English,Prospect,0
SM00167,2026-08-20 21:07,X,Looking for details on refund help before deciding.,12,8,2,0,388,FitPulse Watch,None,India-East,English,Community member,0
SM00228,2026-08-20 22:27,LinkedIn,Really impressed with the battery life on my FitPulse Watch. Smooth experience!,24,18,0,2,317,FitPulse Watch,Creator Collab,India-Central,English,Prospect,0
SM01178,2026-08-21 03:03,Instagram,Really impressed with the service centre on my HomeHub Mini. Smooth experience!,16,8,1,2,337,HomeHub Mini,Festival Launch,India-East,English,Customer,0
SM00273,2026-08-21 04:33,Instagram,"Great features, terrible service centre. I am genuinely undecided.",20,16,2,0,243,FitPulse Watch,None,India-East,English,Creator,0
SM01410,2026-08-21 05:30,Instagram,Not acceptable: delivery delay has made the whole experience difficult.,10,1,3,1,445,AirBeat Pro,Always-on,India-Central,English,Customer,1
SM00498,2026-08-21 06:20,Instagram,The checkout experience is excellent. I would recommend NovaPhone X.,19,9,5,0,258,NovaPhone X,Always-on,India-North,English,Customer,0
SM01567,2026-08-21 08:56,Instagram,Finally a product where the value for money delivers what was promised.,20,3,4,3,727,NovaPhone X,Service Update,India-Central,English,Customer,0
SM01516,2026-08-21 09:31,Reddit,Really impressed with the battery life on my FitPulse Watch. Smooth experience!,9,2,2,1,703,FitPulse Watch,Always-on,India-North,English,Customer,1
SM01364,2026-08-21 10:01,X,The festival deal is frustrating. Still waiting for a proper response.,19,9,2,2,363,NovaPhone X,Always-on,India-West,English,Customer,0
SM00231,2026-08-21 10:36,X,This voice control is fire. Did not expect it to be this good. Please jaldi resolve karo.,30,16,4,2,514,NovaPhone X,Festival Launch,India-North,Hinglish,Customer,0
SM00850,2026-08-21 12:13,Reddit,Looking for details on package arrived before deciding.,53,46,2,1,986,NovaPhone X,Creator Collab,India-South,English,Prospect,1
SM00129,2026-08-21 12:41,X,Not acceptable: sound quality has made the whole experience difficult.,14,7,2,1,186,HomeHub Mini,Service Update,India-South,English,Customer,0
SM00898,2026-08-21 14:42,Instagram,Disappointed with the new feature for NovaPhone X. This needs fixing.,54,45,3,1,1004,NovaPhone X,None,India-South,English,Prospect,0
SM01531,2026-08-21 15:28,YouTube,Does anyone know how the high price works for NovaPhone X?,21,16,1,1,493,NovaPhone X,Always-on,India-East,English,Customer,0
SM00121,2026-08-21 15:31,Reddit,I expected better from AirBeat Pro; the delivery promise is a serious problem.,19,15,2,0,538,AirBeat Pro,Always-on,India-West,English,Customer,0
SM00927,2026-08-21 15:40,Instagram,The package arrived is excellent. I would recommend HomeHub Mini.,28,3,5,5,390,HomeHub Mini,Always-on,India-North,English,Customer,0
SM01211,2026-08-21 18:13,YouTube,Looking for details on durability before deciding.,16,1,6,1,650,HomeHub Mini,None,India-Central,English,Customer,0
SM01037,2026-08-21 22:04,Instagram,The latest post mentions discount offer for AirBeat Pro.,31,15,2,4,183,AirBeat Pro,None,India-West,English,Prospect,0
SM00582,2026-08-21 22:11,X,Loving the FitPulse Watch; the easy setup works better than expected.,19,8,4,1,546,FitPulse Watch,Festival Launch,India-West,English,Customer,0
SM01284,2026-08-21 22:53,YouTube,Disappointed with the festival deal for HomeHub Mini. This needs fixing.,26,15,4,1,152,HomeHub Mini,Always-on,India-Central,English,Customer,0
SM00379,2026-08-21 23:31,X,The latest post mentions interface for FitPulse Watch.,11,1,2,2,472,FitPulse Watch,Creator Collab,India-West,English,Community member,0
SM00213,2026-08-22 00:24,Facebook,Please resolve the high price. This is affecting whether I buy again.,26,14,3,2,339,AirBeat Pro,None,India-South,English,Creator,1
SM01076,2026-08-22 00:29,Reddit,Does anyone know how the pricing works for AirBeat Pro?,15,5,5,0,229,AirBeat Pro,Always-on,India-West,English,Customer,0
SM00662,2026-08-22 02:57,X,"Great, another checkout experience. Exactly what customers needed.",73,62,1,3,825,FitPulse Watch,Festival Launch,India-Central,English,Prospect,0
SM00748,2026-08-22 03:14,LinkedIn,Really impressed with the replacement process on my FitPulse Watch. Smooth experience!,15,2,2,3,347,FitPulse Watch,Always-on,India-Central,English,Customer,0
SM01530,2026-08-22 04:58,Reddit,"Great features, terrible sound quality. I am genuinely undecided.",16,9,2,1,134,NovaPhone X,None,India-South,English,Prospect,0
SM00811,2026-08-22 05:55,Reddit,Finally a product where the build quality delivers what was promised. Please jaldi resolve karo.,26,22,2,0,421,NovaPhone X,Always-on,India-North,Hinglish,Prospect,1
SM00734,2026-08-22 06:04,LinkedIn,The build quality is excellent. I would recommend FitPulse Watch. Please jaldi resolve karo.,13,4,3,1,257,FitPulse Watch,Festival Launch,India-South,Hinglish,Prospect,0
SM00189,2026-08-22 06:13,X,Really impressed with the high price on my HomeHub Mini. Smooth experience!,14,6,1,2,119,HomeHub Mini,Service Update,India-Central,English,Customer,0
SM01446,2026-08-22 08:19,Reddit,I expected better from NovaPhone X; the tracking update is a serious problem.,10,4,3,0,249,NovaPhone X,None,India-North,English,Customer,0
SM00960,2026-08-22 08:55,Instagram,The health tracking is excellent. I would recommend NovaPhone X.,4,4,0,0,170,NovaPhone X,None,India-Central,English,Prospect,1
SM01161,2026-08-22 09:25,Facebook,Finally a product where the delivery delay delivers what was promised.,20,10,2,2,178,NovaPhone X,None,India-West,English,Prospect,0
SM00891,2026-08-22 10:17,X,Finally a product where the new feature delivers what was promised.,11,3,4,0,634,NovaPhone X,Festival Launch,India-South,English,Community member,0
SM00736,2026-08-22 10:46,X,Great job on the battery quality. This upgrade feels worth it.,29,20,3,1,597,HomeHub Mini,Always-on,India-Central,English,Customer,0
SM00327,2026-08-22 12:34,Reddit,Really impressed with the build quality on my NovaPhone X. Smooth experience! Overall kaafi useful hai.,28,20,4,0,831,NovaPhone X,None,India-Central,Hinglish,Customer,0
SM01371,2026-08-22 13:43,Facebook,Finally a product where the customer service delivers what was promised.,16,8,1,2,684,FitPulse Watch,None,India-Central,English,Community member,0
SM00207,2026-08-22 17:49,Facebook,I expected better from FitPulse Watch; the battery quality is a serious problem.,10,10,0,0,724,FitPulse Watch,Service Update,India-North,English,Customer,0
SM01536,2026-08-22 19:58,Instagram,Finally a product where the support response delivers what was promised. Please jaldi resolve karo.,98,92,3,0,1068,NovaPhone X,None,India-Central,Hinglish,Creator,0
SM00683,2026-08-22 20:24,LinkedIn,Please resolve the value for money. This is affecting whether I buy again.,32,19,2,3,448,AirBeat Pro,Always-on,India-East,English,Prospect,0
SM00754,2026-08-22 20:25,Facebook,Happy with performance but unhappy about the delivery delay.,11,4,2,1,489,FitPulse Watch,None,India-North,English,Customer,0
SM00299,2026-08-22 20:46,Instagram,Great job on the delivery delay. This upgrade feels worth it.,40,27,5,1,284,AirBeat Pro,Service Update,India-South,English,Customer,0
SM01422,2026-08-22 22:21,LinkedIn,Please resolve the package arrived. This is affecting whether I buy again.,13,4,3,1,134,NovaPhone X,Creator Collab,India-South,English,Customer,0
SM00750,2026-08-23 00:34,Instagram,Loving the NovaPhone X; the interface works better than expected.,13,11,1,0,173,NovaPhone X,Service Update,India-West,English,Community member,0
SM01411,2026-08-23 01:22,Facebook,Disappointed with the refund help for HomeHub Mini. This needs fixing.,28,15,5,1,645,HomeHub Mini,Festival Launch,India-Central,English,Customer,0
SM00048,2026-08-23 03:42,LinkedIn,Looking for details on delivery promise before deciding.,11,4,2,1,517,AirBeat Pro,None,India-South,English,Prospect,0
SM00161,2026-08-23 03:58,Facebook,Looking for details on tracking update before deciding.,18,2,5,2,496,AirBeat Pro,Creator Collab,India-South,English,Prospect,0
SM00319,2026-08-23 06:58,LinkedIn,Loving the HomeHub Mini; the customer service works better than expected.,28,12,5,2,707,HomeHub Mini,Festival Launch,India-South,English,Prospect,0
SM00834,2026-08-23 07:02,Instagram,Not acceptable: tracking update has made the whole experience difficult.,11,7,2,0,558,NovaPhone X,None,India-South,English,Customer,0
SM00788,2026-08-23 07:52,Instagram,I expected better from AirBeat Pro; the support response is a serious problem.,9,9,0,0,594,AirBeat Pro,Always-on,India-Central,English,Customer,0
SM00493,2026-08-23 08:17,LinkedIn,Looking for details on service centre before deciding.,38,25,2,3,513,AirBeat Pro,None,India-North,English,Customer,0
SM00109,2026-08-23 08:32,Instagram,Great job on the interface. This upgrade feels worth it.,8,2,3,0,229,HomeHub Mini,None,India-South,English,Customer,0
SM00782,2026-08-23 09:23,YouTube,Not acceptable: durability has made the whole experience difficult.,12,2,2,2,205,FitPulse Watch,Service Update,India-North,English,Customer,0
SM00404,2026-08-23 10:36,Facebook,Love spending my day chasing a camera feature. Brilliant.,14,1,5,1,737,AirBeat Pro,None,India-South,English,Customer,0
SM01252,2026-08-23 11:40,Facebook,Great job on the health tracking. This upgrade feels worth it. Kya kisi aur ko bhi hua?,37,24,2,3,254,HomeHub Mini,None,India-East,Hinglish,Customer,0
SM00389,2026-08-23 13:36,Facebook,The latest post mentions product quality for AirBeat Pro.,22,15,2,1,682,AirBeat Pro,Always-on,India-West,English,Customer,1
SM01465,2026-08-23 14:04,Reddit,"The product is good overall, although the tracking update needs improvement.",23,9,7,0,288,FitPulse Watch,Festival Launch,India-East,English,Creator,0
SM01028,2026-08-23 14:33,Instagram,Disappointed with the package arrived for NovaPhone X. This needs fixing.,11,8,0,1,120,NovaPhone X,Creator Collab,India-North,English,Community member,0
SM01297,2026-08-23 14:44,Reddit,Finally a product where the package arrived delivers what was promised.,30,17,5,1,870,AirBeat Pro,Festival Launch,India-South,English,Customer,0
SM01423,2026-08-23 15:41,X,Fantastic service: still dealing with the discount offer. Overall kaafi useful hai.,21,10,4,1,766,AirBeat Pro,None,India-East,Hinglish,Creator,0
SM00051,2026-08-23 19:15,X,I expected better from NovaPhone X; the delivery delay is a serious problem.,11,6,1,1,798,NovaPhone X,Always-on,India-West,English,Customer,0
SM00639,2026-08-23 20:21,YouTube,Not acceptable: festival deal has made the whole experience difficult.,113,103,5,0,942,AirBeat Pro,None,India-North,English,Prospect,0
SM00604,2026-08-23 20:39,Instagram,Update: I received information about the app usability.,10,4,0,2,336,AirBeat Pro,Service Update,India-North,English,Prospect,0
SM00767,2026-08-23 22:06,Instagram,The sound quality is frustrating. Still waiting for a proper response.,18,5,2,3,450,FitPulse Watch,Festival Launch,India-North,English,Community member,0
SM01261,2026-08-23 22:38,YouTube,Comparing NovaPhone X mainly on product quality. Any first-hand feedback? Kya kisi aur ko bhi hua?,15,2,5,1,773,NovaPhone X,Creator Collab,India-North,Hinglish,Customer,0
SM00342,2026-08-23 22:48,LinkedIn,I expected better from AirBeat Pro; the pricing is a serious problem.,32,25,2,1,275,AirBeat Pro,None,India-North,English,Customer,0
SM01385,2026-08-24 00:01,Reddit,Disappointed with the interface for HomeHub Mini. This needs fixing.,38,27,4,1,398,HomeHub Mini,Always-on,India-South,English,Customer,0
SM01014,2026-08-24 00:55,Facebook,I expected better from AirBeat Pro; the high price is a serious problem.,26,16,2,2,594,AirBeat Pro,Festival Launch,India-South,English,Customer,0
SM01182,2026-08-24 00:55,Instagram,Great job on the battery quality. This upgrade feels worth it.,38,24,4,2,313,NovaPhone X,None,India-West,English,Prospect,0
SM01519,2026-08-24 01:03,Reddit,I expected better from AirBeat Pro; the support response is a serious problem.,31,17,1,4,504,AirBeat Pro,Always-on,India-North,English,Prospect,0
SM01224,2026-08-24 01:36,Instagram,I expected better from NovaPhone X; the value for money is a serious problem. Please jaldi resolve karo.,27,15,6,0,605,NovaPhone X,Creator Collab,India-West,Hinglish,Prospect,0
SM00097,2026-08-24 02:18,LinkedIn,Not acceptable: pairing process has made the whole experience difficult. Overall kaafi useful hai.,7,1,3,0,470,FitPulse Watch,None,India-Central,Hinglish,Prospect,0
SM01048,2026-08-24 04:27,YouTube,I expected better from NovaPhone X; the interface is a serious problem.,21,2,5,3,478,NovaPhone X,Festival Launch,India-South,English,Customer,0
SM01090,2026-08-24 05:11,Instagram,Comparing HomeHub Mini mainly on tracking update. Any first-hand feedback?,25,9,5,2,163,HomeHub Mini,None,India-East,English,Customer,0
SM01450,2026-08-24 05:34,Reddit,Please resolve the tracking update. This is affecting whether I buy again.,16,6,5,0,311,FitPulse Watch,Creator Collab,India-North,English,Customer,0
SM01579,2026-08-24 06:21,YouTube,The festival deal is frustrating. Still waiting for a proper response.,25,18,2,1,827,NovaPhone X,Service Update,India-Central,English,Customer,0
SM01542,2026-08-24 06:29,Facebook,Disappointed with the package arrived for HomeHub Mini. This needs fixing.,39,30,3,1,992,HomeHub Mini,Always-on,India-North,English,Customer,0
SM01160,2026-08-24 07:35,X,Comparing AirBeat Pro mainly on battery life. Any first-hand feedback?,78,70,4,0,1092,AirBeat Pro,Always-on,India-Central,English,Community member,1
SM00363,2026-08-24 08:13,X,AirBeat Pro absolutely slaps when it comes to delivery promise. Please jaldi resolve karo.,16,5,4,1,403,AirBeat Pro,Festival Launch,India-Central,Hinglish,Creator,0
SM01495,2026-08-24 12:02,Reddit,Update: I received information about the checkout experience.,12,3,3,1,542,NovaPhone X,Always-on,India-South,English,Customer,0
SM00719,2026-08-24 15:17,LinkedIn,Loving the AirBeat Pro; the checkout experience works better than expected.,22,9,5,1,867,AirBeat Pro,None,India-West,English,Community member,0
SM00355,2026-08-24 17:10,Facebook,Not acceptable: camera feature has made the whole experience difficult.,28,20,4,0,942,NovaPhone X,Service Update,India-North,English,Community member,0
SM00857,2026-08-24 19:29,Reddit,Does anyone know how the checkout experience works for FitPulse Watch?,14,4,2,2,67,FitPulse Watch,Festival Launch,India-North,English,Community member,0
SM00211,2026-08-24 19:40,Reddit,Finally a product where the camera feature delivers what was promised.,19,10,0,3,220,FitPulse Watch,Always-on,India-West,English,Customer,0
SM00105,2026-08-24 19:55,Reddit,Really impressed with the customer service on my AirBeat Pro. Smooth experience! Overall kaafi useful hai.,44,34,2,2,453,AirBeat Pro,Service Update,India-South,Hinglish,Customer,0
SM01089,2026-08-24 21:53,Reddit,Loving the AirBeat Pro; the build quality works better than expected.,9,3,3,0,599,AirBeat Pro,Always-on,India-North,English,Prospect,0
SM00014,2026-08-24 23:24,Instagram,Comparing NovaPhone X mainly on health tracking. Any first-hand feedback?,62,47,3,3,430,NovaPhone X,Creator Collab,India-West,English,Creator,0
SM00759,2026-08-25 00:02,Instagram,Disappointed with the tracking update for NovaPhone X. This needs fixing.,19,11,1,2,506,NovaPhone X,Creator Collab,India-West,English,Customer,0
SM00975,2026-08-25 01:44,Instagram,I expected better from FitPulse Watch; the package arrived is a serious problem.,17,12,1,1,827,FitPulse Watch,Festival Launch,India-West,English,Community member,1
SM01533,2026-08-25 02:37,Facebook,I expected better from FitPulse Watch; the tracking update is a serious problem.,45,31,4,2,277,FitPulse Watch,Always-on,India-West,English,Prospect,0
SM00419,2026-08-25 03:04,Reddit,Not acceptable: build quality has made the whole experience difficult.,21,6,3,3,411,HomeHub Mini,Festival Launch,India-North,English,Customer,0
SM01039,2026-08-25 04:14,X,Great job on the easy setup. This upgrade feels worth it.,140,138,1,0,1661,NovaPhone X,Always-on,India-West,English,Customer,0
SM00592,2026-08-25 04:23,Instagram,"Great features, terrible service centre. I am genuinely undecided.",22,15,2,1,906,FitPulse Watch,Festival Launch,India-East,English,Prospect,0
SM01524,2026-08-25 04:29,YouTube,Does anyone know how the package arrived works for NovaPhone X?,102,90,3,2,1129,NovaPhone X,None,India-South,English,Customer,0
SM00654,2026-08-25 06:01,X,The festival deal is frustrating. Still waiting for a proper response.,20,5,3,3,579,NovaPhone X,Always-on,India-North,English,Customer,0
SM00943,2026-08-25 06:07,YouTube,Looking for details on camera feature before deciding.,15,6,3,1,491,AirBeat Pro,Service Update,India-West,English,Community member,0
SM00974,2026-08-25 08:05,Instagram,Comparing FitPulse Watch mainly on durability. Any first-hand feedback?,18,6,6,0,482,FitPulse Watch,Creator Collab,India-East,English,Prospect,0
SM00541,2026-08-25 08:38,Instagram,Finally a product where the festival deal delivers what was promised.,21,15,3,0,859,NovaPhone X,Festival Launch,India-North,English,Customer,0
SM01545,2026-08-25 10:41,LinkedIn,Really impressed with the easy setup on my AirBeat Pro. Smooth experience! Paisa vasool lag raha hai.,40,24,2,4,895,AirBeat Pro,Creator Collab,India-East,Hinglish,Prospect,0
SM01207,2026-08-25 10:53,LinkedIn,Does anyone know how the late delivery works for NovaPhone X?,6,4,1,0,630,NovaPhone X,Service Update,India-Central,English,Creator,0
SM00948,2026-08-25 15:16,Reddit,Disappointed with the battery life for FitPulse Watch. This needs fixing.,63,57,3,0,600,FitPulse Watch,Service Update,India-Central,English,Community member,0
SM00979,2026-08-25 17:27,Instagram,"Love the design of HomeHub Mini, but the interface is disappointing.",38,28,2,2,715,HomeHub Mini,Creator Collab,India-North,English,Customer,0
SM01554,2026-08-25 17:54,YouTube,Does anyone know how the value for money works for FitPulse Watch?,22,12,2,2,536,FitPulse Watch,Creator Collab,India-Central,English,Creator,0
SM00374,2026-08-25 17:59,Reddit,Really impressed with the delivery promise on my HomeHub Mini. Smooth experience!,31,25,3,0,861,HomeHub Mini,Creator Collab,India-East,English,Customer,1
SM00047,2026-08-25 19:56,X,Comparing NovaPhone X mainly on battery quality. Any first-hand feedback?,26,13,2,3,828,NovaPhone X,Creator Collab,India-South,English,Creator,0
SM00552,2026-08-25 21:22,Instagram,The delivery promise is excellent. I would recommend NovaPhone X.,12,9,0,1,641,NovaPhone X,None,India-South,English,Customer,0
SM00428,2026-08-25 21:29,YouTube,The value for money is frustrating. Still waiting for a proper response.,13,5,1,2,235,AirBeat Pro,Always-on,India-South,English,Prospect,0
SM00096,2026-08-25 22:50,Facebook,Finally a product where the durability delivers what was promised.,37,32,1,1,688,HomeHub Mini,Festival Launch,India-North,English,Prospect,0
SM00640,2026-08-25 23:34,Facebook,I expected better from HomeHub Mini; the delivery promise is a serious problem.,16,7,3,1,117,HomeHub Mini,None,India-West,English,Community member,0
SM00372,2026-08-26 00:42,Reddit,Finally a product where the camera feature delivers what was promised.,13,5,1,2,547,NovaPhone X,None,India-South,English,Prospect,1
SM00104,2026-08-26 03:34,YouTube,I expected better from AirBeat Pro; the build quality is a serious problem.,19,12,2,1,751,AirBeat Pro,Festival Launch,India-East,English,Customer,0
SM00474,2026-08-26 05:50,LinkedIn,Great job on the pricing. This upgrade feels worth it.,19,6,2,3,808,AirBeat Pro,Always-on,India-West,English,Customer,0
SM00947,2026-08-26 07:16,Instagram,The package arrived is excellent. I would recommend FitPulse Watch. Kya kisi aur ko bhi hua?,43,29,4,2,591,FitPulse Watch,Festival Launch,India-South,Hinglish,Customer,0
SM00229,2026-08-26 08:19,YouTube,The camera feature is frustrating. Still waiting for a proper response.,24,4,7,2,317,NovaPhone X,None,India-West,English,Customer,0
SM01038,2026-08-26 10:00,X,Loving the HomeHub Mini; the package arrived works better than expected.,47,29,3,4,966,HomeHub Mini,Always-on,India-Central,English,Customer,0
SM00549,2026-08-26 10:59,Reddit,Finally a product where the pricing delivers what was promised.,21,13,4,0,156,FitPulse Watch,Festival Launch,India-North,English,Customer,0
SM00079,2026-08-26 14:13,Instagram,Fantastic service: still dealing with the delivery delay. Paisa vasool lag raha hai.,21,7,4,2,356,AirBeat Pro,Always-on,India-West,Hinglish,Customer,0
SM00863,2026-08-26 14:13,Instagram,I expected better from AirBeat Pro; the easy setup is a serious problem.,74,64,2,2,839,AirBeat Pro,Festival Launch,India-East,English,Creator,0
SM00033,2026-08-26 17:27,Reddit,"The sound quality is sick, honestly a solid update.",19,6,2,3,592,FitPulse Watch,None,India-Central,English,Customer,1
SM01360,2026-08-26 18:15,Reddit,The refund help is frustrating. Still waiting for a proper response.,18,18,0,0,229,NovaPhone X,Creator Collab,India-Central,English,Prospect,0
SM01246,2026-08-26 21:07,Instagram,Loving the FitPulse Watch; the package arrived works better than expected.,18,9,3,1,583,FitPulse Watch,Always-on,India-West,English,Customer,0
SM00563,2026-08-26 21:21,Facebook,The value for money is excellent. I would recommend NovaPhone X.,17,5,3,2,371,NovaPhone X,Creator Collab,India-South,English,Creator,0
SM01031,2026-08-26 22:37,X,Not acceptable: discount offer has made the whole experience difficult.,17,8,3,1,216,HomeHub Mini,Festival Launch,India-Central,English,Customer,0
SM00476,2026-08-26 23:24,Facebook,Finally a product where the late delivery delivers what was promised. Kya kisi aur ko bhi hua?,50,40,2,2,595,AirBeat Pro,Creator Collab,India-South,Hinglish,Community member,0
SM00277,2026-08-27 00:10,YouTube,Fantastic service: still dealing with the battery quality.,28,13,6,1,814,NovaPhone X,Festival Launch,India-North,English,Customer,0
SM01331,2026-08-27 01:52,Reddit,The festival deal is excellent. I would recommend HomeHub Mini.,11,3,4,0,307,HomeHub Mini,None,India-North,English,Customer,0
SM01065,2026-08-27 04:40,YouTube,Does anyone know how the value for money works for HomeHub Mini?,8,1,2,1,612,HomeHub Mini,None,India-East,English,Creator,0
SM01155,2026-08-27 05:22,Reddit,The support response is excellent. I would recommend FitPulse Watch.,22,5,4,3,272,FitPulse Watch,None,India-South,English,Creator,1
SM00468,2026-08-27 05:37,LinkedIn,Loving the NovaPhone X; the value for money works better than expected.,93,82,4,1,1299,NovaPhone X,Festival Launch,India-South,English,Customer,0
SM01348,2026-08-27 07:28,Instagram,Disappointed with the refund help for FitPulse Watch. This needs fixing.,17,5,3,2,438,FitPulse Watch,None,India-East,English,Prospect,0
SM00390,2026-08-27 08:14,Reddit,The checkout experience is frustrating. Still waiting for a proper response.,26,6,4,4,734,HomeHub Mini,Always-on,India-East,English,Prospect,0
SM00733,2026-08-27 08:57,Instagram,Looking for details on delivery delay before deciding. Please jaldi resolve karo.,15,8,2,1,199,AirBeat Pro,None,India-East,Hinglish,Community member,0
SM00226,2026-08-27 17:34,Reddit,Looking for details on festival deal before deciding.,11,4,2,1,142,AirBeat Pro,Festival Launch,India-East,English,Prospect,0
SM00561,2026-08-27 22:41,YouTube,The product quality is excellent. I would recommend HomeHub Mini.,15,6,3,1,600,HomeHub Mini,Always-on,India-South,English,Customer,0
SM01337,2026-08-27 22:55,LinkedIn,Update: I received information about the easy setup.,20,13,2,1,407,AirBeat Pro,Always-on,India-West,English,Prospect,0
SM01188,2026-08-28 01:32,Reddit,Update: I received information about the pricing.,12,8,2,0,752,HomeHub Mini,Always-on,India-Central,English,Customer,0
SM01073,2026-08-28 02:29,Reddit,Not acceptable: value for money has made the whole experience difficult. Paisa vasool lag raha hai.,14,4,2,2,73,AirBeat Pro,None,India-North,Hinglish,Prospect,0
SM00647,2026-08-28 03:52,Instagram,Comparing NovaPhone X mainly on checkout experience. Any first-hand feedback?,9,6,0,1,449,NovaPhone X,Festival Launch,India-West,English,Prospect,0
SM01158,2026-08-28 04:19,YouTube,Comparing NovaPhone X mainly on package arrived. Any first-hand feedback?,47,38,3,1,370,NovaPhone X,Always-on,India-Central,English,Prospect,0
SM01560,2026-08-28 04:21,Reddit,Not acceptable: value for money has made the whole experience difficult.,10,10,0,0,105,FitPulse Watch,None,India-East,English,Customer,0
SM01234,2026-08-28 04:25,LinkedIn,Not acceptable: pairing process has made the whole experience difficult.,6,4,1,0,527,AirBeat Pro,Creator Collab,India-West,English,Customer,0
SM00279,2026-08-28 04:53,LinkedIn,Not acceptable: value for money has made the whole experience difficult.,6,6,0,0,789,FitPulse Watch,Always-on,India-North,English,Customer,0
SM00135,2026-08-28 07:59,Instagram,Really impressed with the new feature on my NovaPhone X. Smooth experience!,40,31,3,1,933,NovaPhone X,Creator Collab,India-North,English,Customer,1
SM01386,2026-08-28 08:10,Reddit,Really impressed with the discount offer on my AirBeat Pro. Smooth experience!,101,97,2,0,1029,AirBeat Pro,Creator Collab,India-West,English,Creator,0
SM00978,2026-08-28 08:42,Facebook,Great job on the high price. This upgrade feels worth it.,33,26,2,1,575,AirBeat Pro,Festival Launch,India-Central,English,Customer,0
SM01212,2026-08-28 08:55,X,Does anyone know how the delivery delay works for FitPulse Watch?,28,14,4,2,773,FitPulse Watch,None,India-East,English,Prospect,0
SM01537,2026-08-28 10:09,X,Comparing NovaPhone X mainly on replacement process. Any first-hand feedback?,16,8,4,0,383,NovaPhone X,None,India-North,English,Community member,0
SM01302,2026-08-28 13:40,Reddit,Does anyone know how the late delivery works for NovaPhone X?,13,6,2,1,561,NovaPhone X,Always-on,India-East,English,Prospect,0
SM00486,2026-08-28 14:20,LinkedIn,Finally a product where the discount offer delivers what was promised.,25,21,2,0,196,NovaPhone X,None,India-West,English,Customer,0
SM00005,2026-08-28 14:20,YouTube,Really impressed with the pairing process on my HomeHub Mini. Smooth experience!,50,36,1,4,1016,HomeHub Mini,Creator Collab,India-Central,English,Customer,0
SM00627,2026-08-28 16:06,Facebook,The voice control is frustrating. Still waiting for a proper response.,20,8,3,2,320,NovaPhone X,None,India-South,English,Community member,0
SM00475,2026-08-28 16:11,Instagram,Finally a product where the app usability delivers what was promised. Paisa vasool lag raha hai.,14,2,3,2,559,NovaPhone X,Service Update,India-North,Hinglish,Community member,0
SM01300,2026-08-28 17:18,Facebook,The latest post mentions battery quality for NovaPhone X. Kya kisi aur ko bhi hua?,85,76,3,1,655,NovaPhone X,Festival Launch,India-North,Hinglish,Customer,0
SM01350,2026-08-28 17:32,YouTube,The interface is frustrating. Still waiting for a proper response.,8,3,1,1,582,FitPulse Watch,Festival Launch,India-Central,English,Customer,0
SM00663,2026-08-28 17:50,LinkedIn,I expected better from NovaPhone X; the battery life is a serious problem.,18,3,6,1,652,NovaPhone X,Service Update,India-Central,English,Community member,0
SM01485,2026-08-28 18:53,LinkedIn,Finally a product where the interface delivers what was promised.,10,5,1,1,401,HomeHub Mini,Festival Launch,India-West,English,Customer,0
SM01096,2026-08-28 19:35,X,Really impressed with the value for money on my AirBeat Pro. Smooth experience!,23,16,2,1,169,AirBeat Pro,None,India-North,English,Creator,0
SM00601,2026-08-28 20:44,Facebook,Please resolve the value for money. This is affecting whether I buy again.,22,16,3,0,396,NovaPhone X,Festival Launch,India-North,English,Community member,0
SM00924,2026-08-28 23:10,LinkedIn,Finally a product where the discount offer delivers what was promised.,9,5,2,0,720,NovaPhone X,Service Update,India-North,English,Customer,0
SM00123,2026-08-29 00:46,Reddit,I expected better from FitPulse Watch; the easy setup is a serious problem.,44,32,3,2,761,FitPulse Watch,Creator Collab,India-South,English,Customer,0
SM01561,2026-08-29 01:35,Reddit,Really impressed with the replacement process on my AirBeat Pro. Smooth experience! Paisa vasool lag raha hai.,36,31,1,1,1042,AirBeat Pro,Service Update,India-Central,Hinglish,Creator,0
SM00659,2026-08-29 05:24,LinkedIn,Love spending my day chasing a sound quality. Brilliant.,17,9,1,2,689,NovaPhone X,Creator Collab,India-Central,English,Customer,0
SM00452,2026-08-29 05:30,X,Disappointed with the interface for NovaPhone X. This needs fixing.,11,4,2,1,501,NovaPhone X,Always-on,India-West,English,Customer,0
SM01305,2026-08-29 05:48,X,Not acceptable: product quality has made the whole experience difficult.,14,1,5,1,351,NovaPhone X,None,India-West,English,Prospect,0
SM00460,2026-08-29 07:07,LinkedIn,Love spending my day chasing a support response. Brilliant.,5,3,1,0,811,HomeHub Mini,None,India-Central,English,Customer,0
SM00789,2026-08-29 07:42,Reddit,Loving the AirBeat Pro; the battery life works better than expected.,15,13,1,0,832,AirBeat Pro,None,India-East,English,Community member,0
SM00522,2026-08-29 08:27,Reddit,Loving the FitPulse Watch; the service centre works better than expected.,11,1,2,2,386,FitPulse Watch,Creator Collab,India-West,English,Customer,0
SM01264,2026-08-29 13:52,Facebook,Comparing HomeHub Mini mainly on product quality. Any first-hand feedback?,14,4,5,0,554,HomeHub Mini,Always-on,India-North,English,Customer,1
SM00929,2026-08-29 14:37,YouTube,Finally a product where the tracking update delivers what was promised.,14,11,0,1,615,NovaPhone X,Festival Launch,India-South,English,Community member,0
SM01249,2026-08-29 16:01,Instagram,Looking for details on battery life before deciding.,82,73,3,1,695,HomeHub Mini,Always-on,India-East,English,Community member,0
SM00132,2026-08-29 16:20,YouTube,Looking for details on sound quality before deciding.,13,9,2,0,632,NovaPhone X,Always-on,India-East,English,Prospect,0
SM01216,2026-08-29 17:19,Facebook,Loving the NovaPhone X; the voice control works better than expected.,20,8,3,2,536,NovaPhone X,Always-on,India-East,English,Customer,0
SM00010,2026-08-29 17:32,Reddit,Looking for details on festival deal before deciding. Please jaldi resolve karo.,42,31,1,3,322,NovaPhone X,Service Update,India-Central,Hinglish,Prospect,0
SM01266,2026-08-29 18:29,Instagram,Loving the AirBeat Pro; the health tracking works better than expected.,34,26,1,2,335,AirBeat Pro,Festival Launch,India-South,English,Prospect,1
SM01557,2026-08-29 18:57,Instagram,Love spending my day chasing a support response. Brilliant.,110,102,1,2,845,AirBeat Pro,Service Update,India-West,English,Customer,0
SM01475,2026-08-29 19:02,Instagram,Loving the AirBeat Pro; the tracking update works better than expected.,24,8,5,2,457,AirBeat Pro,Creator Collab,India-South,English,Prospect,0
SM01268,2026-08-29 19:09,LinkedIn,I expected better from AirBeat Pro; the delivery delay is a serious problem.,20,10,2,2,694,AirBeat Pro,Always-on,India-Central,English,Prospect,0
SM00966,2026-08-29 20:46,Reddit,Great job on the late delivery. This upgrade feels worth it.,24,22,1,0,237,AirBeat Pro,None,India-East,English,Prospect,0
SM00385,2026-08-29 23:25,Facebook,Great job on the customer service. This upgrade feels worth it.,21,8,5,1,516,FitPulse Watch,None,India-West,English,Prospect,0
SM01508,2026-08-29 23:46,YouTube,Comparing AirBeat Pro mainly on support response. Any first-hand feedback?,30,8,5,4,203,AirBeat Pro,Always-on,India-South,English,Customer,0
SM01353,2026-08-29 23:48,LinkedIn,"Great, another late delivery. Exactly what customers needed.",7,3,2,0,621,HomeHub Mini,None,India-Central,English,Community member,0
SM01551,2026-08-30 00:26,X,NovaPhone X absolutely slaps when it comes to replacement process.,19,7,3,2,630,NovaPhone X,Festival Launch,India-West,English,Prospect,0
SM01230,2026-08-30 00:58,Instagram,The health tracking is excellent. I would recommend NovaPhone X.,43,36,2,1,504,NovaPhone X,None,India-Central,English,Prospect,0
SM00506,2026-08-30 05:28,Facebook,Great job on the build quality. This upgrade feels worth it.,28,20,4,0,552,NovaPhone X,Service Update,India-Central,English,Customer,0
SM00562,2026-08-30 05:50,Reddit,The discount offer is excellent. I would recommend NovaPhone X. Paisa vasool lag raha hai.,12,3,3,1,556,NovaPhone X,None,India-East,Hinglish,Customer,0
SM00087,2026-08-30 06:11,Reddit,Please resolve the refund help. This is affecting whether I buy again.,36,36,0,0,462,NovaPhone X,Festival Launch,India-North,English,Customer,0
SM00480,2026-08-30 06:35,Reddit,Really impressed with the build quality on my AirBeat Pro. Smooth experience!,22,20,1,0,639,AirBeat Pro,Festival Launch,India-West,English,Prospect,0
SM00859,2026-08-30 06:49,Instagram,Please resolve the checkout experience. This is affecting whether I buy again.,17,11,3,0,761,FitPulse Watch,Festival Launch,India-West,English,Prospect,0
SM01376,2026-08-30 07:05,Instagram,The latest post mentions battery life for FitPulse Watch.,25,25,0,0,330,FitPulse Watch,Festival Launch,India-North,English,Customer,0
SM00469,2026-08-30 08:14,YouTube,Please resolve the tracking update. This is affecting whether I buy again.,82,70,3,2,1324,FitPulse Watch,Creator Collab,India-Central,English,Prospect,0
SM01186,2026-08-30 08:19,LinkedIn,Finally a product where the camera feature delivers what was promised.,18,15,0,1,851,FitPulse Watch,None,India-East,English,Customer,0
SM00956,2026-08-30 08:35,Reddit,Loving the NovaPhone X; the durability works better than expected.,45,39,3,0,991,NovaPhone X,Festival Launch,India-North,English,Customer,0
SM00851,2026-08-30 08:56,X,Disappointed with the battery quality for HomeHub Mini. This needs fixing.,14,10,2,0,522,HomeHub Mini,Always-on,India-North,English,Customer,0
SM01556,2026-08-30 09:03,X,Disappointed with the durability for NovaPhone X. This needs fixing.,46,46,0,0,1119,NovaPhone X,Festival Launch,India-South,English,Customer,0
SM01226,2026-08-30 11:03,Instagram,Update: I received information about the package arrived.,69,67,1,0,1132,AirBeat Pro,Service Update,India-East,English,Customer,0
SM01454,2026-08-30 12:18,YouTube,Does anyone know how the discount offer works for NovaPhone X?,15,8,2,1,531,NovaPhone X,Festival Launch,India-West,English,Community member,0
SM01111,2026-08-30 13:02,X,The latest post mentions product quality for NovaPhone X.,10,3,2,1,773,NovaPhone X,Festival Launch,India-South,English,Customer,0
SM00358,2026-08-30 13:36,Facebook,Looking for details on high price before deciding.,15,3,3,2,711,NovaPhone X,None,India-South,English,Customer,0
SM00856,2026-08-30 14:47,LinkedIn,The delivery promise is excellent. I would recommend AirBeat Pro.,29,24,1,1,641,AirBeat Pro,Creator Collab,India-South,English,Community member,0
SM00844,2026-08-30 14:50,YouTube,Great job on the delivery promise. This upgrade feels worth it.,5,3,1,0,452,NovaPhone X,Always-on,India-Central,English,Community member,0
SM00367,2026-08-30 14:51,YouTube,Finally a product where the replacement process delivers what was promised.,18,5,5,1,256,NovaPhone X,Festival Launch,India-North,English,Customer,0
SM00184,2026-08-30 15:02,Reddit,The health tracking is excellent. I would recommend FitPulse Watch. Kya kisi aur ko bhi hua?,10,8,1,0,533,FitPulse Watch,Always-on,India-Central,Hinglish,Customer,0
SM00102,2026-08-30 16:07,Facebook,Update: I received information about the package arrived.,10,1,3,1,50,NovaPhone X,Festival Launch,India-Central,English,Customer,1
SM00351,2026-08-30 17:05,YouTube,Finally a product where the late delivery delivers what was promised. Paisa vasool lag raha hai.,12,10,1,0,211,FitPulse Watch,Creator Collab,India-Central,Hinglish,Prospect,0
SM00606,2026-08-30 17:52,LinkedIn,Finally a product where the battery quality delivers what was promised.,13,7,0,2,850,FitPulse Watch,Always-on,India-South,English,Prospect,0
SM00753,2026-08-30 18:39,Facebook,Update: I received information about the voice control.,7,3,2,0,779,HomeHub Mini,Creator Collab,India-North,English,Prospect,0
SM00204,2026-08-30 19:13,YouTube,Does anyone know how the build quality works for NovaPhone X?,22,7,3,3,154,NovaPhone X,Creator Collab,India-West,English,Customer,0
SM01389,2026-08-30 19:40,YouTube,Really impressed with the service centre on my NovaPhone X. Smooth experience!,22,14,1,2,846,NovaPhone X,Service Update,India-North,English,Creator,0
SM00482,2026-08-30 20:05,Instagram,The health tracking is excellent. I would recommend NovaPhone X.,19,12,2,1,552,NovaPhone X,None,India-West,English,Customer,0
SM00520,2026-08-30 21:24,Facebook,Fantastic service: still dealing with the festival deal.,17,6,4,1,767,NovaPhone X,None,India-East,English,Customer,0
SM01016,2026-08-30 21:58,Facebook,Loving the NovaPhone X; the customer service works better than expected. Kya kisi aur ko bhi hua?,12,8,2,0,353,NovaPhone X,Festival Launch,India-South,Hinglish,Customer,0
SM01469,2026-08-30 23:41,Reddit,The tracking update is excellent. I would recommend NovaPhone X. Overall kaafi useful hai.,17,10,2,1,523,NovaPhone X,Festival Launch,India-Central,Hinglish,Community member,0
SM00509,2026-08-31 01:52,Reddit,Disappointed with the package arrived for FitPulse Watch. This needs fixing. Please jaldi resolve karo.,15,6,3,1,380,FitPulse Watch,Festival Launch,India-Central,Hinglish,Customer,0
SM01205,2026-08-31 01:55,Instagram,Really impressed with the product quality on my NovaPhone X. Smooth experience!,10,5,1,1,579,NovaPhone X,None,India-East,English,Customer,0
SM00915,2026-08-31 02:15,Reddit,I expected better from FitPulse Watch; the package arrived is a serious problem.,29,19,5,0,565,FitPulse Watch,Always-on,India-South,English,Creator,0
SM00772,2026-08-31 04:08,Instagram,The product quality is excellent. I would recommend NovaPhone X.,36,26,2,2,708,NovaPhone X,None,India-North,English,Prospect,0
SM00144,2026-08-31 04:48,Facebook,The latest post mentions product quality for AirBeat Pro.,9,3,3,0,763,AirBeat Pro,Festival Launch,India-West,English,Customer,0
SM00610,2026-08-31 05:16,Instagram,Not acceptable: discount offer has made the whole experience difficult.,3,3,0,0,699,NovaPhone X,Festival Launch,India-Central,English,Creator,0
SM01589,2026-08-31 05:56,Facebook,Comparing AirBeat Pro mainly on late delivery. Any first-hand feedback?,29,20,0,3,426,AirBeat Pro,Festival Launch,India-North,English,Creator,0
SM01585,2026-08-31 06:04,Reddit,Love spending my day chasing a package arrived. Brilliant.,12,4,1,2,55,AirBeat Pro,Creator Collab,India-West,English,Prospect,0
SM00586,2026-08-31 07:46,Reddit,Amazing how the delivery delay keeps getting worse. Please jaldi resolve karo.,16,4,3,2,215,HomeHub Mini,None,India-South,Hinglish,Customer,0
SM00609,2026-08-31 08:17,Instagram,The tracking update is frustrating. Still waiting for a proper response.,19,6,5,1,675,NovaPhone X,Service Update,India-West,English,Customer,0
SM00835,2026-08-31 10:27,YouTube,Really impressed with the delivery promise on my AirBeat Pro. Smooth experience!,22,7,3,3,393,AirBeat Pro,None,India-Central,English,Prospect,0
SM01052,2026-08-31 10:30,X,Really impressed with the app usability on my HomeHub Mini. Smooth experience!,14,5,3,1,744,HomeHub Mini,Always-on,India-North,English,Customer,1
SM00201,2026-08-31 11:07,X,Does anyone know how the service centre works for HomeHub Mini?,28,21,2,1,819,HomeHub Mini,Creator Collab,India-East,English,Prospect,0
SM01277,2026-08-31 11:09,Reddit,Looking for details on festival deal before deciding. Paisa vasool lag raha hai.,14,5,3,1,390,FitPulse Watch,Service Update,India-East,Hinglish,Customer,0
SM01571,2026-08-31 11:09,Facebook,Loving the HomeHub Mini; the build quality works better than expected.,17,7,2,2,845,HomeHub Mini,Creator Collab,India-South,English,Prospect,0
SM01521,2026-08-31 16:06,Facebook,Finally a product where the late delivery delivers what was promised.,9,1,4,0,640,NovaPhone X,Festival Launch,India-North,English,Prospect,0
SM00584,2026-08-31 16:36,X,This new feature is fire. Did not expect it to be this good.,48,37,4,1,512,AirBeat Pro,Always-on,India-South,English,Customer,0
SM00494,2026-08-31 16:57,Facebook,Not acceptable: package arrived has made the whole experience difficult.,17,10,2,1,705,FitPulse Watch,Creator Collab,India-East,English,Prospect,0
SM01578,2026-08-31 21:25,YouTube,Great job on the battery quality. This upgrade feels worth it.,26,16,2,2,183,HomeHub Mini,Service Update,India-North,English,Creator,0
SM01412,2026-09-01 00:19,Facebook,Amazing how the product quality keeps getting worse.,22,5,4,3,340,NovaPhone X,Festival Launch,India-Central,English,Customer,0
SM00618,2026-09-01 02:28,Reddit,"The product is good overall, although the service centre needs improvement.",9,0,3,1,192,NovaPhone X,Creator Collab,India-Central,English,Prospect,0
SM00554,2026-09-01 02:48,LinkedIn,I expected better from NovaPhone X; the customer service is a serious problem.,8,2,3,0,398,NovaPhone X,None,India-South,English,Customer,0
SM00169,2026-09-01 03:50,YouTube,Looking for details on camera feature before deciding.,21,8,5,1,671,HomeHub Mini,Service Update,India-North,English,Prospect,0
SM01100,2026-09-01 03:52,Facebook,Disappointed with the product quality for NovaPhone X. This needs fixing.,51,39,3,2,1017,NovaPhone X,Festival Launch,India-Central,English,Customer,0
SM00069,2026-09-01 03:55,Instagram,I expected better from HomeHub Mini; the pricing is a serious problem.,3,1,1,0,680,HomeHub Mini,Always-on,India-East,English,Customer,0
SM01138,2026-09-01 06:05,Instagram,Great job on the service centre. This upgrade feels worth it. Please jaldi resolve karo.,31,24,2,1,634,AirBeat Pro,Creator Collab,India-West,Hinglish,Community member,0
SM00209,2026-09-01 06:25,YouTube,The checkout experience is frustrating. Still waiting for a proper response.,19,8,4,1,153,FitPulse Watch,Festival Launch,India-West,English,Customer,0
SM00291,2026-09-01 07:58,Instagram,Amazing how the durability keeps getting worse.,12,5,2,1,218,FitPulse Watch,None,India-North,English,Customer,0
SM00250,2026-09-01 08:01,Instagram,The delivery promise is excellent. I would recommend HomeHub Mini.,41,33,4,0,826,HomeHub Mini,None,India-South,English,Creator,0
SM01583,2026-09-01 08:54,Facebook,Looking for details on festival deal before deciding.,15,3,3,2,301,NovaPhone X,Creator Collab,India-East,English,Customer,0
SM00527,2026-09-01 10:12,YouTube,Loving the HomeHub Mini; the sound quality works better than expected.,27,17,5,0,518,HomeHub Mini,Festival Launch,India-South,English,Customer,0
SM01143,2026-09-01 10:32,Reddit,Not acceptable: product quality has made the whole experience difficult. Paisa vasool lag raha hai.,31,5,7,4,257,NovaPhone X,Creator Collab,India-North,Hinglish,Prospect,0
SM01329,2026-09-01 10:44,X,Disappointed with the product quality for AirBeat Pro. This needs fixing.,19,14,1,1,598,AirBeat Pro,Service Update,India-Central,English,Customer,0
SM01548,2026-09-01 10:59,YouTube,I expected better from FitPulse Watch; the refund help is a serious problem.,24,13,1,3,858,FitPulse Watch,Festival Launch,India-West,English,Customer,0
SM00227,2026-09-01 11:55,YouTube,Update: I received information about the durability.,25,17,1,2,467,NovaPhone X,None,India-West,English,Community member,0
SM00693,2026-09-01 13:44,Instagram,Update: I received information about the support response.,26,24,1,0,365,HomeHub Mini,None,India-North,English,Customer,0
SM00511,2026-09-01 14:06,Reddit,Great job on the pricing. This upgrade feels worth it.,19,9,2,2,201,HomeHub Mini,Always-on,India-South,English,Customer,0
SM00865,2026-09-01 14:56,YouTube,Loving the NovaPhone X; the late delivery works better than expected. Paisa vasool lag raha hai.,9,4,1,1,566,NovaPhone X,Creator Collab,India-North,Hinglish,Customer,0
SM00187,2026-09-01 17:12,Instagram,The latest post mentions service centre for HomeHub Mini.,13,3,5,0,394,HomeHub Mini,Always-on,India-Central,English,Prospect,0
SM00044,2026-09-01 19:00,Facebook,Looking for details on new feature before deciding.,13,1,3,2,170,HomeHub Mini,Service Update,India-Central,English,Customer,0
SM00168,2026-09-01 19:11,LinkedIn,Fantastic service: still dealing with the health tracking.,16,11,1,1,375,HomeHub Mini,Service Update,India-South,English,Prospect,0
SM00361,2026-09-01 19:33,YouTube,Great job on the app usability. This upgrade feels worth it.,28,18,2,2,267,AirBeat Pro,Service Update,India-North,English,Customer,0
SM00977,2026-09-01 21:52,Instagram,"The product is good overall, although the checkout experience needs improvement.",27,23,2,0,474,NovaPhone X,Creator Collab,India-North,English,Prospect,0
SM01327,2026-09-01 22:14,LinkedIn,The latest post mentions app usability for NovaPhone X.,17,8,3,1,701,NovaPhone X,None,India-East,English,Prospect,0
SM00384,2026-09-01 23:00,Reddit,The pricing is frustrating. Still waiting for a proper response.,7,1,0,2,640,HomeHub Mini,Service Update,India-North,English,Customer,0
SM00259,2026-09-02 01:13,X,Looking for details on refund help before deciding.,10,5,1,1,786,NovaPhone X,Always-on,India-South,English,Customer,0
SM00822,2026-09-02 02:33,LinkedIn,Update: I received information about the voice control.,45,36,0,3,365,FitPulse Watch,Service Update,India-West,English,Customer,0
SM01573,2026-09-02 03:02,Instagram,The pricing is excellent. I would recommend NovaPhone X.,28,18,5,0,619,NovaPhone X,Always-on,India-North,English,Customer,0
SM00651,2026-09-02 03:40,Facebook,Really impressed with the app usability on my HomeHub Mini. Smooth experience!,17,6,4,1,441,HomeHub Mini,Festival Launch,India-West,English,Customer,0
SM00453,2026-09-02 04:42,YouTube,Really impressed with the battery quality on my FitPulse Watch. Smooth experience!,9,5,2,0,177,FitPulse Watch,Always-on,India-South,English,Customer,0
SM00657,2026-09-02 05:29,Instagram,Finally a product where the checkout experience delivers what was promised.,12,2,5,0,441,FitPulse Watch,Creator Collab,India-East,English,Customer,0
SM00074,2026-09-02 05:43,Instagram,Finally a product where the customer service delivers what was promised.,22,16,0,2,766,NovaPhone X,Always-on,India-West,English,Customer,0
SM01586,2026-09-02 06:54,Instagram,Really impressed with the delivery promise on my AirBeat Pro. Smooth experience!,130,121,3,1,1356,AirBeat Pro,None,India-East,English,Customer,0
SM00461,2026-09-02 08:03,Reddit,The tracking update is frustrating. Still waiting for a proper response. Kya kisi aur ko bhi hua?,9,2,2,1,311,FitPulse Watch,Festival Launch,India-Central,Hinglish,Customer,0
SM00779,2026-09-02 08:06,X,Not acceptable: package arrived has made the whole experience difficult.,24,13,1,3,818,FitPulse Watch,Festival Launch,India-East,English,Customer,0
SM01262,2026-09-02 08:13,X,AirBeat Pro absolutely slaps when it comes to support response.,12,4,1,2,764,AirBeat Pro,Service Update,India-Central,English,Prospect,0
SM00015,2026-09-02 08:38,Reddit,Really impressed with the app usability on my FitPulse Watch. Smooth experience!,11,7,2,0,305,FitPulse Watch,Always-on,India-South,English,Customer,0
SM01042,2026-09-02 08:43,YouTube,"Great, another package arrived. Exactly what customers needed.",4,2,1,0,535,NovaPhone X,Festival Launch,India-North,English,Prospect,0
SM00684,2026-09-02 10:19,YouTube,The product quality is excellent. I would recommend AirBeat Pro.,12,1,4,1,693,AirBeat Pro,Always-on,India-East,English,Community member,0
SM01154,2026-09-02 11:09,X,I expected better from AirBeat Pro; the late delivery is a serious problem.,24,18,3,0,760,AirBeat Pro,Always-on,India-Central,English,Customer,0
SM00181,2026-09-02 11:15,YouTube,"The high price is sick, honestly a solid update. Paisa vasool lag raha hai.",34,22,3,2,468,AirBeat Pro,None,India-East,Hinglish,Customer,0
SM01511,2026-09-02 16:31,Instagram,"Great, another late delivery. Exactly what customers needed.",15,7,4,0,109,NovaPhone X,Creator Collab,India-North,English,Customer,0
SM01203,2026-09-02 16:54,Facebook,Does anyone know how the value for money works for HomeHub Mini?,7,4,0,1,163,HomeHub Mini,Creator Collab,India-East,English,Customer,0
SM00375,2026-09-02 18:28,LinkedIn,The refund help is excellent. I would recommend AirBeat Pro.,26,24,1,0,460,AirBeat Pro,Always-on,India-Central,English,Community member,1
SM00395,2026-09-02 18:45,X,Disappointed with the service centre for HomeHub Mini. This needs fixing.,25,21,2,0,482,HomeHub Mini,None,India-Central,English,Customer,0
SM01208,2026-09-03 00:15,Facebook,Finally a product where the customer service delivers what was promised.,5,1,2,0,84,NovaPhone X,None,India-South,English,Customer,0
SM00387,2026-09-03 00:23,YouTube,Update: I received information about the camera feature.,9,4,1,1,56,FitPulse Watch,Always-on,India-North,English,Customer,0
SM00697,2026-09-03 00:52,LinkedIn,Really impressed with the build quality on my NovaPhone X. Smooth experience!,32,23,3,1,596,NovaPhone X,Creator Collab,India-Central,English,Creator,0
SM00172,2026-09-03 01:40,Facebook,Comparing AirBeat Pro mainly on battery life. Any first-hand feedback?,4,1,0,1,68,AirBeat Pro,Always-on,India-West,English,Customer,0
SM01218,2026-09-03 02:25,Instagram,Please resolve the build quality. This is affecting whether I buy again.,11,6,1,1,196,FitPulse Watch,Creator Collab,India-South,English,Community member,0
SM01409,2026-09-03 05:19,X,Finally a product where the refund help delivers what was promised.,28,21,2,1,381,HomeHub Mini,Creator Collab,India-East,English,Prospect,0
SM00814,2026-09-03 10:10,Facebook,Does anyone know how the battery life works for FitPulse Watch?,68,63,1,1,1083,FitPulse Watch,Creator Collab,India-West,English,Customer,0
SM00455,2026-09-03 10:19,LinkedIn,AirBeat Pro absolutely slaps when it comes to battery life. Overall kaafi useful hai.,13,5,1,2,825,AirBeat Pro,None,India-West,Hinglish,Customer,0
SM00130,2026-09-03 13:47,X,The build quality is excellent. I would recommend FitPulse Watch. Kya kisi aur ko bhi hua?,19,9,5,0,474,FitPulse Watch,Service Update,India-South,Hinglish,Customer,0
SM00426,2026-09-03 14:19,Reddit,NovaPhone X absolutely slaps when it comes to tracking update.,21,18,0,1,866,NovaPhone X,Festival Launch,India-East,English,Customer,0
SM00223,2026-09-03 14:36,Reddit,Loving the NovaPhone X; the refund help works better than expected.,14,3,1,3,721,NovaPhone X,Creator Collab,India-North,English,Customer,0
SM01449,2026-09-03 16:23,X,The durability is excellent. I would recommend NovaPhone X.,23,13,2,2,476,NovaPhone X,Service Update,India-West,English,Prospect,0
SM01066,2026-09-03 21:05,Reddit,Disappointed with the delivery promise for HomeHub Mini. This needs fixing.,108,98,2,2,1191,HomeHub Mini,None,India-North,English,Customer,0
SM00508,2026-09-03 21:06,Instagram,The health tracking is excellent. I would recommend AirBeat Pro.,12,2,2,2,321,AirBeat Pro,None,India-North,English,Prospect,0
SM01113,2026-09-03 21:33,Reddit,Finally a product where the delivery delay delivers what was promised.,16,9,2,1,503,HomeHub Mini,Service Update,India-South,English,Prospect,0
SM00364,2026-09-03 21:59,Reddit,Loving the NovaPhone X; the value for money works better than expected. Please jaldi resolve karo.,20,16,2,0,375,NovaPhone X,Creator Collab,India-North,Hinglish,Customer,0
SM00003,2026-09-03 22:16,Instagram,Loving the AirBeat Pro; the delivery promise works better than expected.,2,0,1,0,297,AirBeat Pro,Always-on,India-East,English,Prospect,0
SM01369,2026-09-03 22:22,Reddit,The support response is frustrating. Still waiting for a proper response.,14,4,5,0,459,HomeHub Mini,Festival Launch,India-East,English,Community member,0
SM00669,2026-09-04 00:36,X,Not acceptable: support response has made the whole experience difficult.,7,3,2,0,224,FitPulse Watch,Festival Launch,India-Central,English,Customer,0
SM00961,2026-09-04 01:45,X,Amazing how the durability keeps getting worse.,89,83,3,0,974,FitPulse Watch,None,India-South,English,Community member,0
SM01225,2026-09-04 01:57,Instagram,Really impressed with the package arrived on my AirBeat Pro. Smooth experience!,12,3,3,1,643,AirBeat Pro,Always-on,India-Central,English,Prospect,0
SM00573,2026-09-04 02:06,X,Please resolve the health tracking. This is affecting whether I buy again.,76,72,2,0,1350,NovaPhone X,Service Update,India-West,English,Customer,0
SM00159,2026-09-04 03:10,Reddit,The refund help is excellent. I would recommend AirBeat Pro.,10,2,4,0,264,AirBeat Pro,Creator Collab,India-Central,English,Creator,0
SM00205,2026-09-04 03:31,LinkedIn,Please resolve the voice control. This is affecting whether I buy again.,16,12,2,0,747,NovaPhone X,Always-on,India-South,English,Customer,0
SM00356,2026-09-04 05:58,Reddit,The service centre is frustrating. Still waiting for a proper response. Please jaldi resolve karo.,26,15,4,1,675,FitPulse Watch,Creator Collab,India-West,Hinglish,Customer,0
SM00111,2026-09-04 06:55,X,Comparing HomeHub Mini mainly on sound quality. Any first-hand feedback?,31,28,0,1,715,HomeHub Mini,Creator Collab,India-North,English,Creator,1
SM00514,2026-09-04 07:32,LinkedIn,The latest post mentions tracking update for FitPulse Watch.,36,26,2,2,506,FitPulse Watch,Always-on,India-East,English,Prospect,1
SM01481,2026-09-04 09:03,Instagram,Comparing AirBeat Pro mainly on delivery delay. Any first-hand feedback?,31,23,4,0,280,AirBeat Pro,Always-on,India-East,English,Customer,0
SM00332,2026-09-04 09:13,Reddit,Please resolve the support response. This is affecting whether I buy again.,18,7,1,3,751,AirBeat Pro,Festival Launch,India-Central,English,Creator,0
SM00757,2026-09-04 09:19,X,Please resolve the battery life. This is affecting whether I buy again.,28,19,3,1,754,NovaPhone X,Service Update,India-Central,English,Community member,0
SM01493,2026-09-04 09:39,X,Loving the NovaPhone X; the package arrived works better than expected.,19,5,1,4,298,NovaPhone X,Service Update,India-West,English,Customer,0
SM01482,2026-09-04 12:17,LinkedIn,Update: I received information about the high price.,10,5,1,1,318,FitPulse Watch,Service Update,India-Central,English,Prospect,0
SM00430,2026-09-04 14:17,X,Loving the FitPulse Watch; the pricing works better than expected.,14,7,2,1,273,FitPulse Watch,Always-on,India-North,English,Prospect,0
SM01282,2026-09-04 14:44,X,Please resolve the refund help. This is affecting whether I buy again.,11,7,2,0,776,NovaPhone X,Festival Launch,India-West,English,Customer,0
SM00210,2026-09-04 14:53,YouTube,Finally a product where the app usability delivers what was promised.,7,3,2,0,534,AirBeat Pro,Creator Collab,India-South,English,Customer,0
SM00409,2026-09-04 15:24,YouTube,Loving the FitPulse Watch; the camera feature works better than expected. Kya kisi aur ko bhi hua?,21,13,1,2,172,FitPulse Watch,Always-on,India-North,Hinglish,Prospect,0
SM00546,2026-09-04 16:06,Instagram,Really impressed with the sound quality on my FitPulse Watch. Smooth experience!,24,8,8,0,221,FitPulse Watch,Service Update,India-West,English,Prospect,0
SM00304,2026-09-04 16:16,Reddit,I expected better from NovaPhone X; the delivery promise is a serious problem. Kya kisi aur ko bhi hua?,58,53,1,1,1182,NovaPhone X,Festival Launch,India-North,Hinglish,Customer,0
SM01552,2026-09-04 20:10,X,I expected better from FitPulse Watch; the delivery delay is a serious problem.,16,3,2,3,318,FitPulse Watch,Festival Launch,India-South,English,Prospect,0
SM00917,2026-09-04 21:09,Reddit,Not acceptable: delivery promise has made the whole experience difficult.,12,12,0,0,817,NovaPhone X,Always-on,India-West,English,Community member,1
SM01494,2026-09-05 01:35,X,Disappointed with the pricing for AirBeat Pro. This needs fixing.,59,45,1,4,735,AirBeat Pro,Always-on,India-East,English,Customer,0
SM00276,2026-09-05 02:29,Facebook,Really impressed with the high price on my HomeHub Mini. Smooth experience!,26,13,2,3,608,HomeHub Mini,Always-on,India-East,English,Prospect,0
SM01421,2026-09-05 03:09,X,Really impressed with the voice control on my FitPulse Watch. Smooth experience!,6,2,2,0,541,FitPulse Watch,Service Update,India-Central,English,Prospect,0
SM00518,2026-09-05 04:48,YouTube,I expected better from NovaPhone X; the replacement process is a serious problem. Please jaldi resolve karo.,11,7,2,0,427,NovaPhone X,None,India-West,Hinglish,Customer,0
SM01534,2026-09-05 04:49,YouTube,Not acceptable: late delivery has made the whole experience difficult.,15,13,1,0,538,FitPulse Watch,Service Update,India-South,English,Community member,0
SM01529,2026-09-05 05:02,Instagram,Great job on the camera feature. This upgrade feels worth it.,13,10,0,1,825,AirBeat Pro,None,India-North,English,Customer,0
SM00433,2026-09-05 05:21,Reddit,Really impressed with the app usability on my FitPulse Watch. Smooth experience!,19,3,5,2,780,FitPulse Watch,Always-on,India-Central,English,Customer,0
SM00608,2026-09-05 05:35,X,The replacement process is frustrating. Still waiting for a proper response.,22,8,7,0,254,AirBeat Pro,Always-on,India-West,English,Prospect,0
SM00854,2026-09-05 05:52,Reddit,Great job on the delivery promise. This upgrade feels worth it.,25,23,1,0,733,NovaPhone X,Always-on,India-West,English,Customer,0
SM00921,2026-09-05 06:42,X,Comparing AirBeat Pro mainly on build quality. Any first-hand feedback?,44,32,3,2,764,AirBeat Pro,None,India-East,English,Customer,0
SM01398,2026-09-05 07:00,LinkedIn,I expected better from AirBeat Pro; the delivery delay is a serious problem.,20,8,3,2,532,AirBeat Pro,Festival Launch,India-West,English,Customer,0
SM00290,2026-09-05 07:22,Instagram,I expected better from NovaPhone X; the health tracking is a serious problem.,16,11,1,1,610,NovaPhone X,Service Update,India-East,English,Customer,0
SM01082,2026-09-05 11:06,LinkedIn,The tracking update is frustrating. Still waiting for a proper response.,34,27,2,1,564,NovaPhone X,Festival Launch,India-North,English,Customer,0
SM00664,2026-09-05 11:32,YouTube,Looking for details on battery life before deciding.,17,6,4,1,768,HomeHub Mini,Creator Collab,India-West,English,Prospect,1
SM01003,2026-09-05 12:25,Facebook,The package arrived is excellent. I would recommend FitPulse Watch.,61,46,3,3,508,FitPulse Watch,Service Update,India-South,English,Prospect,0
SM01549,2026-09-05 14:20,Facebook,Disappointed with the delivery promise for NovaPhone X. This needs fixing.,33,14,8,1,198,NovaPhone X,None,India-East,English,Customer,0
SM00803,2026-09-05 15:12,Instagram,The customer service is frustrating. Still waiting for a proper response. Overall kaafi useful hai.,11,4,2,1,168,FitPulse Watch,Festival Launch,India-East,Hinglish,Prospect,0
SM01491,2026-09-05 16:15,YouTube,I expected better from NovaPhone X; the refund help is a serious problem.,15,5,2,2,714,NovaPhone X,Festival Launch,India-Central,English,Customer,0
SM00156,2026-09-05 20:42,YouTube,Disappointed with the discount offer for NovaPhone X. This needs fixing.,28,13,3,3,903,NovaPhone X,Always-on,India-East,English,Customer,0
SM01540,2026-09-05 21:01,Reddit,Please resolve the customer service. This is affecting whether I buy again.,27,18,0,3,525,NovaPhone X,Always-on,India-Central,English,Community member,0
SM00098,2026-09-05 21:03,Facebook,Finally a product where the sound quality delivers what was promised.,7,4,0,1,697,NovaPhone X,None,India-North,English,Prospect,1
SM01361,2026-09-05 21:21,YouTube,I expected better from AirBeat Pro; the replacement process is a serious problem.,31,18,2,3,715,AirBeat Pro,Creator Collab,India-North,English,Creator,0
SM00695,2026-09-05 21:44,YouTube,Great job on the package arrived. This upgrade feels worth it.,20,12,1,2,459,AirBeat Pro,Always-on,India-South,English,Customer,0
SM00816,2026-09-05 23:57,Instagram,Great job on the tracking update. This upgrade feels worth it.,12,6,3,0,728,AirBeat Pro,Festival Launch,India-South,English,Customer,0
SM01062,2026-09-06 00:38,YouTube,Really impressed with the checkout experience on my AirBeat Pro. Smooth experience!,13,8,1,1,417,AirBeat Pro,None,India-East,English,Creator,0
SM00991,2026-09-06 03:08,YouTube,Disappointed with the tracking update for FitPulse Watch. This needs fixing.,32,21,4,1,714,FitPulse Watch,Festival Launch,India-South,English,Prospect,0
SM00883,2026-09-06 03:24,YouTube,Great job on the build quality. This upgrade feels worth it.,13,4,3,1,388,HomeHub Mini,Creator Collab,India-East,English,Prospect,0
SM00459,2026-09-06 03:24,Instagram,Great job on the pairing process. This upgrade feels worth it.,12,10,1,0,622,FitPulse Watch,None,India-West,English,Customer,0
SM00962,2026-09-06 03:24,YouTube,"Love the design of NovaPhone X, but the pricing is disappointing.",28,11,4,3,117,NovaPhone X,Always-on,India-East,English,Community member,0
SM00478,2026-09-06 05:22,LinkedIn,Not acceptable: delivery delay has made the whole experience difficult.,11,4,2,1,365,HomeHub Mini,Festival Launch,India-East,English,Prospect,0
SM00388,2026-09-06 05:31,Instagram,The discount offer is excellent. I would recommend HomeHub Mini.,40,25,0,5,961,HomeHub Mini,Always-on,India-Central,English,Community member,0
SM00545,2026-09-06 08:33,YouTube,The voice control is excellent. I would recommend FitPulse Watch.,36,25,1,3,718,FitPulse Watch,None,India-North,English,Customer,0
SM00306,2026-09-06 09:36,X,Loving the NovaPhone X; the battery quality works better than expected.,11,2,3,1,172,NovaPhone X,Service Update,India-East,English,Prospect,0
SM00095,2026-09-06 13:31,X,Looking for details on discount offer before deciding.,11,7,2,0,376,HomeHub Mini,None,India-East,English,Customer,0
SM00798,2026-09-06 14:15,Facebook,Please resolve the delivery delay. This is affecting whether I buy again.,16,7,3,1,303,NovaPhone X,Festival Launch,India-East,English,Customer,0
SM00913,2026-09-06 14:27,YouTube,Loving the HomeHub Mini; the health tracking works better than expected.,51,44,2,1,724,HomeHub Mini,Creator Collab,India-Central,English,Community member,0
SM00020,2026-09-06 15:04,Reddit,Comparing AirBeat Pro mainly on interface. Any first-hand feedback?,12,2,5,0,208,AirBeat Pro,Always-on,India-West,English,Prospect,0
SM01130,2026-09-06 17:41,Instagram,Great job on the camera feature. This upgrade feels worth it.,15,0,3,3,368,AirBeat Pro,Always-on,India-South,English,Community member,0
SM00200,2026-09-06 19:10,Instagram,Looking for details on health tracking before deciding.,19,17,1,0,437,AirBeat Pro,Always-on,India-West,English,Creator,0
SM00028,2026-09-06 22:49,YouTube,I expected better from NovaPhone X; the discount offer is a serious problem.,23,10,5,1,279,NovaPhone X,Always-on,India-South,English,Customer,0
SM00988,2026-09-06 23:39,Instagram,Not acceptable: sound quality has made the whole experience difficult.,21,13,1,2,334,HomeHub Mini,Service Update,India-East,English,Prospect,0
SM00220,2026-09-07 00:45,YouTube,Does anyone know how the discount offer works for FitPulse Watch?,31,19,3,2,182,FitPulse Watch,None,India-North,English,Prospect,0
SM01426,2026-09-07 01:13,LinkedIn,"Great, another new feature. Exactly what customers needed.",11,2,3,1,316,NovaPhone X,Festival Launch,India-North,English,Customer,0
SM01515,2026-09-07 02:46,LinkedIn,The high price is excellent. I would recommend FitPulse Watch.,17,8,3,1,293,FitPulse Watch,Always-on,India-South,English,Customer,0
SM00766,2026-09-07 05:27,LinkedIn,Does anyone know how the late delivery works for AirBeat Pro?,10,6,2,0,505,AirBeat Pro,Creator Collab,India-North,English,Customer,0
SM01292,2026-09-07 07:37,YouTube,The latest post mentions voice control for FitPulse Watch.,30,22,4,0,387,FitPulse Watch,Always-on,India-North,English,Customer,1
SM00912,2026-09-07 09:34,LinkedIn,Disappointed with the support response for NovaPhone X. This needs fixing.,17,12,1,1,843,NovaPhone X,Always-on,India-South,English,Community member,0
SM01479,2026-09-07 10:37,LinkedIn,I expected better from FitPulse Watch; the camera feature is a serious problem.,19,9,2,2,355,FitPulse Watch,Always-on,India-South,English,Creator,0
SM01107,2026-09-07 10:39,X,I expected better from NovaPhone X; the easy setup is a serious problem.,7,3,2,0,390,NovaPhone X,Creator Collab,India-South,English,Prospect,0
SM00116,2026-09-07 10:43,LinkedIn,Love spending my day chasing a refund help. Brilliant.,24,9,3,3,313,AirBeat Pro,None,India-Central,English,Customer,0
SM01339,2026-09-07 10:56,LinkedIn,Great job on the health tracking. This upgrade feels worth it.,12,8,2,0,201,AirBeat Pro,Always-on,India-West,English,Community member,1
SM00362,2026-09-07 14:13,X,Please resolve the value for money. This is affecting whether I buy again.,33,26,2,1,698,FitPulse Watch,Creator Collab,India-East,English,Community member,0
SM01179,2026-09-07 15:31,LinkedIn,The delivery delay is frustrating. Still waiting for a proper response.,15,9,3,0,492,AirBeat Pro,Festival Launch,India-North,English,Customer,0
SM01558,2026-09-07 17:45,X,Finally a product where the battery life delivers what was promised.,15,7,1,2,232,HomeHub Mini,Always-on,India-West,English,Customer,0
SM01575,2026-09-07 18:12,Instagram,"The product is good overall, although the pairing process needs improvement.",21,8,5,1,126,AirBeat Pro,Creator Collab,India-South,English,Customer,1
SM01258,2026-09-07 18:22,Facebook,Loving the FitPulse Watch; the discount offer works better than expected.,14,10,2,0,687,FitPulse Watch,Service Update,India-East,English,Customer,0
SM00360,2026-09-07 18:41,LinkedIn,Really impressed with the tracking update on my AirBeat Pro. Smooth experience!,21,10,4,1,107,AirBeat Pro,None,India-East,English,Community member,0
SM00870,2026-09-07 19:30,Instagram,Not acceptable: new feature has made the whole experience difficult.,26,16,2,2,223,HomeHub Mini,Service Update,India-Central,English,Customer,0
SM00524,2026-09-07 19:58,X,Please resolve the refund help. This is affecting whether I buy again.,22,14,1,2,327,AirBeat Pro,Festival Launch,India-East,English,Customer,0
SM00556,2026-09-07 22:36,LinkedIn,The pricing is excellent. I would recommend AirBeat Pro.,49,43,3,0,398,AirBeat Pro,Creator Collab,India-South,English,Customer,0
SM00792,2026-09-08 00:11,Facebook,Disappointed with the delivery promise for NovaPhone X. This needs fixing.,23,15,1,2,558,NovaPhone X,Festival Launch,India-East,English,Customer,0
SM00543,2026-09-08 00:14,Instagram,"The interface is sick, honestly a solid update.",56,44,6,0,557,FitPulse Watch,Creator Collab,India-South,English,Customer,0
SM00504,2026-09-08 02:34,Reddit,NovaPhone X absolutely slaps when it comes to package arrived.,15,4,1,3,266,NovaPhone X,Festival Launch,India-North,English,Prospect,0
SM00916,2026-09-08 04:59,X,The package arrived is excellent. I would recommend AirBeat Pro.,23,2,3,5,63,AirBeat Pro,Creator Collab,India-West,English,Creator,0
SM01309,2026-09-08 05:02,X,The delivery delay is frustrating. Still waiting for a proper response. Please jaldi resolve karo.,16,1,3,3,591,NovaPhone X,Festival Launch,India-North,Hinglish,Customer,0
SM00727,2026-09-08 05:16,YouTube,Amazing how the discount offer keeps getting worse.,11,4,2,1,519,AirBeat Pro,Service Update,India-Central,English,Prospect,0
SM00605,2026-09-08 09:06,X,Does anyone know how the high price works for FitPulse Watch?,30,20,5,0,641,FitPulse Watch,Service Update,India-North,English,Creator,0
SM00329,2026-09-08 11:38,LinkedIn,Finally a product where the new feature delivers what was promised. Please jaldi resolve karo.,20,7,2,3,766,AirBeat Pro,None,India-West,Hinglish,Customer,0
SM01115,2026-09-08 11:53,Instagram,The late delivery is frustrating. Still waiting for a proper response. Kya kisi aur ko bhi hua?,12,3,3,1,731,FitPulse Watch,None,India-North,Hinglish,Prospect,0
SM00674,2026-09-08 14:03,Facebook,Disappointed with the late delivery for NovaPhone X. This needs fixing.,16,4,3,2,679,NovaPhone X,None,India-North,English,Community member,0
SM00082,2026-09-08 14:45,Instagram,Really impressed with the easy setup on my NovaPhone X. Smooth experience!,20,6,1,4,531,NovaPhone X,Always-on,India-East,English,Prospect,0
SM00591,2026-09-08 15:42,X,Really impressed with the interface on my NovaPhone X. Smooth experience!,40,26,1,4,843,NovaPhone X,Service Update,India-East,English,Creator,0
SM01108,2026-09-08 15:54,LinkedIn,I expected better from AirBeat Pro; the camera feature is a serious problem.,19,14,1,1,620,AirBeat Pro,None,India-West,English,Customer,0
SM00163,2026-09-08 15:55,X,Please resolve the discount offer. This is affecting whether I buy again.,36,24,3,2,257,AirBeat Pro,None,India-South,English,Customer,0
SM00617,2026-09-08 18:26,Reddit,Please resolve the easy setup. This is affecting whether I buy again.,15,6,3,1,465,FitPulse Watch,Always-on,India-North,English,Prospect,0
SM00938,2026-09-08 21:16,YouTube,The delivery delay is frustrating. Still waiting for a proper response.,14,4,2,2,771,AirBeat Pro,Festival Launch,India-North,English,Customer,0
SM00686,2026-09-08 22:26,Instagram,Great job on the delivery promise. This upgrade feels worth it.,11,8,0,1,696,NovaPhone X,Service Update,India-West,English,Prospect,0
SM00160,2026-09-09 01:47,Instagram,The latest post mentions replacement process for FitPulse Watch. Paisa vasool lag raha hai.,16,4,3,2,599,FitPulse Watch,Service Update,India-South,Hinglish,Customer,0
SM00011,2026-09-09 05:53,LinkedIn,Really impressed with the discount offer on my FitPulse Watch. Smooth experience!,16,11,1,1,204,FitPulse Watch,Always-on,India-South,English,Community member,0
SM00611,2026-09-09 06:59,Instagram,Please resolve the package arrived. This is affecting whether I buy again. Paisa vasool lag raha hai.,10,8,1,0,85,NovaPhone X,Service Update,India-North,Hinglish,Customer,0
SM01245,2026-09-09 08:02,LinkedIn,Disappointed with the tracking update for AirBeat Pro. This needs fixing.,17,6,4,1,519,AirBeat Pro,Festival Launch,India-South,English,Customer,1
SM00715,2026-09-09 08:27,X,Fantastic service: still dealing with the package arrived.,10,5,1,1,553,NovaPhone X,Festival Launch,India-South,English,Customer,0
SM00391,2026-09-09 09:26,YouTube,I expected better from AirBeat Pro; the voice control is a serious problem.,30,21,3,1,417,AirBeat Pro,Always-on,India-North,English,Customer,0
SM01319,2026-09-09 09:42,Instagram,The latest post mentions voice control for FitPulse Watch.,35,19,5,2,306,FitPulse Watch,Festival Launch,India-West,English,Prospect,0
SM01343,2026-09-09 11:49,Instagram,Not acceptable: checkout experience has made the whole experience difficult.,37,25,3,2,952,FitPulse Watch,Always-on,India-West,English,Customer,0
SM00976,2026-09-09 12:24,Reddit,Finally a product where the package arrived delivers what was promised.,19,19,0,0,644,FitPulse Watch,None,India-South,English,Creator,0
SM00773,2026-09-09 12:55,Facebook,Update: I received information about the high price.,13,11,1,0,218,AirBeat Pro,Service Update,India-East,English,Customer,0
SM01593,2026-09-09 13:13,Reddit,Please resolve the refund help. This is affecting whether I buy again.,50,36,4,2,855,NovaPhone X,Festival Launch,India-East,English,Customer,0
SM01394,2026-09-09 13:19,Facebook,Update: I received information about the pairing process.,16,3,2,3,388,NovaPhone X,None,India-North,English,Customer,0
SM00495,2026-09-09 13:51,YouTube,The package arrived is frustrating. Still waiting for a proper response.,14,3,1,3,672,AirBeat Pro,Festival Launch,India-Central,English,Prospect,0
SM00115,2026-09-09 16:38,Facebook,Comparing FitPulse Watch mainly on service centre. Any first-hand feedback?,9,5,2,0,117,FitPulse Watch,Festival Launch,India-North,English,Customer,0
SM00718,2026-09-09 17:13,Instagram,Does anyone know how the festival deal works for AirBeat Pro?,14,1,5,1,711,AirBeat Pro,Always-on,India-Central,English,Customer,0
SM00945,2026-09-09 17:15,Reddit,Disappointed with the late delivery for FitPulse Watch. This needs fixing.,49,34,3,3,427,FitPulse Watch,Festival Launch,India-East,English,Customer,0
SM00417,2026-09-09 18:35,LinkedIn,Disappointed with the package arrived for FitPulse Watch. This needs fixing.,29,24,1,1,453,FitPulse Watch,Festival Launch,India-East,English,Creator,0
SM01294,2026-09-09 19:53,Facebook,Great job on the sound quality. This upgrade feels worth it.,8,2,3,0,259,FitPulse Watch,Service Update,India-East,English,Customer,1
SM00677,2026-09-10 00:28,X,AirBeat Pro absolutely slaps when it comes to battery quality.,13,8,1,1,637,AirBeat Pro,Always-on,India-West,English,Prospect,0
SM00264,2026-09-10 01:36,Reddit,Great job on the late delivery. This upgrade feels worth it. Overall kaafi useful hai.,81,79,1,0,1376,HomeHub Mini,None,India-East,Hinglish,Prospect,0
SM00770,2026-09-10 01:40,LinkedIn,Not acceptable: package arrived has made the whole experience difficult.,25,15,2,2,453,HomeHub Mini,None,India-South,English,Prospect,1
SM00758,2026-09-10 04:34,Facebook,Does anyone know how the refund help works for AirBeat Pro?,9,2,2,1,587,AirBeat Pro,Creator Collab,India-Central,English,Creator,0
SM01214,2026-09-10 04:46,Instagram,Disappointed with the value for money for NovaPhone X. This needs fixing.,54,44,2,2,724,NovaPhone X,Always-on,India-South,English,Creator,0
SM01060,2026-09-10 05:22,Facebook,Loving the AirBeat Pro; the high price works better than expected.,101,96,1,1,1407,AirBeat Pro,Always-on,India-South,English,Customer,0
SM01296,2026-09-10 12:20,Instagram,Update: I received information about the easy setup.,28,16,6,0,295,AirBeat Pro,Creator Collab,India-West,English,Prospect,0
SM01000,2026-09-10 12:31,Instagram,Loving the HomeHub Mini; the festival deal works better than expected.,11,5,0,2,78,HomeHub Mini,None,India-Central,English,Customer,0
SM00920,2026-09-10 13:01,Reddit,The latest post mentions discount offer for HomeHub Mini.,19,4,3,3,293,HomeHub Mini,None,India-East,English,Prospect,0
SM00624,2026-09-10 16:05,Instagram,Not acceptable: delivery delay has made the whole experience difficult.,40,32,1,2,873,AirBeat Pro,Service Update,India-South,English,Customer,0
SM00325,2026-09-10 16:10,LinkedIn,Not acceptable: replacement process has made the whole experience difficult.,24,14,2,2,551,HomeHub Mini,Festival Launch,India-East,English,Community member,0
SM00479,2026-09-10 16:36,YouTube,"Great, another refund help. Exactly what customers needed.",219,211,4,0,1752,NovaPhone X,Festival Launch,India-Central,English,Customer,0
SM00894,2026-09-10 19:14,Instagram,Great job on the delivery promise. This upgrade feels worth it.,25,21,2,0,319,AirBeat Pro,None,India-Central,English,Customer,0
SM00940,2026-09-10 19:31,X,Looking for details on battery quality before deciding.,21,13,4,0,370,AirBeat Pro,Always-on,India-North,English,Community member,0
SM00091,2026-09-10 20:46,Reddit,Does anyone know how the voice control works for AirBeat Pro?,4,1,0,1,595,AirBeat Pro,Always-on,India-South,English,Customer,0
SM01070,2026-09-10 21:46,Instagram,Update: I received information about the pairing process.,26,6,7,2,476,AirBeat Pro,None,India-South,English,Prospect,0
SM00847,2026-09-10 23:27,YouTube,The package arrived is frustrating. Still waiting for a proper response.,31,22,3,1,750,HomeHub Mini,Festival Launch,India-Central,English,Customer,0
SM00577,2026-09-10 23:33,Instagram,Amazing how the easy setup keeps getting worse.,40,23,4,3,932,HomeHub Mini,None,India-West,English,Customer,1
SM00965,2026-09-11 03:09,LinkedIn,Does anyone know how the delivery delay works for AirBeat Pro?,36,25,4,1,273,AirBeat Pro,None,India-Central,English,Customer,0
SM00980,2026-09-11 05:33,X,Please resolve the support response. This is affecting whether I buy again. Paisa vasool lag raha hai.,32,15,7,1,453,FitPulse Watch,Festival Launch,India-South,Hinglish,Customer,0
SM00396,2026-09-11 07:37,LinkedIn,Please resolve the health tracking. This is affecting whether I buy again.,25,14,1,3,181,NovaPhone X,Always-on,India-North,English,Customer,0
SM01332,2026-09-11 08:49,YouTube,Not acceptable: delivery promise has made the whole experience difficult. Overall kaafi useful hai.,10,4,0,2,255,AirBeat Pro,Festival Launch,India-South,Hinglish,Creator,0
SM00631,2026-09-11 09:25,Instagram,Really impressed with the refund help on my NovaPhone X. Smooth experience!,46,35,4,1,591,NovaPhone X,None,India-Central,English,Prospect,0
SM00585,2026-09-11 09:57,X,The value for money is frustrating. Still waiting for a proper response.,30,15,3,3,218,HomeHub Mini,Always-on,India-South,English,Customer,0
SM01447,2026-09-11 10:05,Instagram,Please resolve the late delivery. This is affecting whether I buy again.,34,29,1,1,693,FitPulse Watch,Festival Launch,India-West,English,Community member,0
SM00599,2026-09-11 10:45,Instagram,I expected better from AirBeat Pro; the delivery promise is a serious problem.,12,10,1,0,431,AirBeat Pro,Always-on,India-Central,English,Customer,0
SM01315,2026-09-11 11:00,YouTube,Not acceptable: delivery promise has made the whole experience difficult.,32,26,3,0,871,NovaPhone X,Festival Launch,India-South,English,Customer,0
SM01349,2026-09-11 11:07,Facebook,Finally a product where the battery quality delivers what was promised. Please jaldi resolve karo.,15,3,3,2,675,NovaPhone X,None,India-North,Hinglish,Community member,0
SM01242,2026-09-11 12:05,Facebook,Finally a product where the customer service delivers what was promised.,35,26,3,1,727,NovaPhone X,Always-on,India-East,English,Creator,0
SM01236,2026-09-11 13:09,YouTube,Fantastic service: still dealing with the tracking update.,75,60,3,3,759,FitPulse Watch,Festival Launch,India-North,English,Creator,0
SM01098,2026-09-11 14:44,YouTube,Not acceptable: voice control has made the whole experience difficult.,29,25,2,0,362,NovaPhone X,Always-on,India-South,English,Customer,0
SM01041,2026-09-11 15:04,Reddit,AirBeat Pro absolutely slaps when it comes to new feature.,15,3,6,0,146,AirBeat Pro,Always-on,India-South,English,Customer,0
SM00547,2026-09-11 15:13,Reddit,I expected better from FitPulse Watch; the late delivery is a serious problem.,16,9,2,1,663,FitPulse Watch,Festival Launch,India-North,English,Customer,0
SM00670,2026-09-11 15:19,YouTube,Happy with performance but unhappy about the app usability.,16,13,0,1,662,AirBeat Pro,Creator Collab,India-South,English,Prospect,0
SM01120,2026-09-11 15:23,Instagram,Does anyone know how the discount offer works for NovaPhone X?,16,1,3,3,50,NovaPhone X,Creator Collab,India-South,English,Community member,0
SM01496,2026-09-11 17:08,Instagram,The late delivery is frustrating. Still waiting for a proper response.,39,31,1,2,612,NovaPhone X,Festival Launch,India-West,English,Prospect,0
SM01293,2026-09-11 20:29,X,Great job on the delivery promise. This upgrade feels worth it.,33,25,4,0,518,AirBeat Pro,None,India-West,English,Customer,0
SM00622,2026-09-11 21:37,Reddit,Does anyone know how the durability works for HomeHub Mini?,32,15,1,5,479,HomeHub Mini,Festival Launch,India-South,English,Customer,0
SM00621,2026-09-12 00:42,Instagram,I expected better from AirBeat Pro; the delivery promise is a serious problem.,49,41,4,0,814,AirBeat Pro,Festival Launch,India-North,English,Community member,0
SM00402,2026-09-12 01:54,Facebook,Amazing how the customer service keeps getting worse.,45,38,2,1,868,AirBeat Pro,None,India-Central,English,Customer,0
SM01112,2026-09-12 01:55,Reddit,The late delivery is frustrating. Still waiting for a proper response. Please jaldi resolve karo.,148,129,8,1,1472,FitPulse Watch,Festival Launch,India-South,Hinglish,Customer,1
SM00481,2026-09-12 03:51,YouTube,I expected better from FitPulse Watch; the interface is a serious problem.,15,9,0,2,256,FitPulse Watch,None,India-East,English,Community member,0
SM01023,2026-09-12 05:57,YouTube,Update: I received information about the package arrived. Overall kaafi useful hai.,29,23,3,0,489,NovaPhone X,Service Update,India-Central,Hinglish,Customer,1
SM01231,2026-09-12 06:07,LinkedIn,Fantastic service: still dealing with the delivery delay.,27,16,4,1,226,HomeHub Mini,Festival Launch,India-Central,English,Customer,0
SM01263,2026-09-12 06:52,Reddit,Not acceptable: interface has made the whole experience difficult.,20,15,1,1,483,FitPulse Watch,Always-on,India-East,English,Customer,0
SM00885,2026-09-12 06:55,Reddit,Please resolve the app usability. This is affecting whether I buy again. Kya kisi aur ko bhi hua?,11,9,1,0,366,NovaPhone X,None,India-Central,Hinglish,Prospect,0
SM01238,2026-09-12 07:59,Facebook,I expected better from NovaPhone X; the delivery promise is a serious problem.,26,22,2,0,301,NovaPhone X,Service Update,India-North,English,Customer,1
SM00246,2026-09-12 09:05,YouTube,Finally a product where the festival deal delivers what was promised.,14,2,3,2,600,FitPulse Watch,Creator Collab,India-North,English,Customer,0
SM00973,2026-09-12 09:41,Facebook,The festival deal is frustrating. Still waiting for a proper response.,36,27,3,1,702,FitPulse Watch,Always-on,India-South,English,Prospect,0
SM01168,2026-09-12 09:53,X,Finally a product where the refund help delivers what was promised.,8,3,1,1,785,HomeHub Mini,Always-on,India-East,English,Prospect,0
SM00066,2026-09-12 10:30,X,Really impressed with the app usability on my NovaPhone X. Smooth experience!,19,11,4,0,791,NovaPhone X,None,India-North,English,Customer,0
SM00346,2026-09-12 12:18,X,Not acceptable: package arrived has made the whole experience difficult.,18,8,5,0,682,FitPulse Watch,Festival Launch,India-South,English,Customer,0
SM01152,2026-09-12 14:34,Instagram,Disappointed with the customer service for NovaPhone X. This needs fixing.,28,23,1,1,877,NovaPhone X,None,India-North,English,Customer,0
SM00328,2026-09-12 15:12,Instagram,Not acceptable: late delivery has made the whole experience difficult. Kya kisi aur ko bhi hua?,19,9,2,2,587,FitPulse Watch,Festival Launch,India-South,Hinglish,Customer,0
SM00970,2026-09-12 15:20,YouTube,Please resolve the package arrived. This is affecting whether I buy again.,19,12,2,1,258,FitPulse Watch,Festival Launch,India-Central,English,Creator,0
SM00968,2026-09-12 16:13,Instagram,Looking for details on camera feature before deciding.,17,7,5,0,258,FitPulse Watch,Always-on,India-West,English,Community member,0
SM00114,2026-09-12 17:04,Reddit,The latest post mentions durability for FitPulse Watch.,12,5,2,1,222,FitPulse Watch,Festival Launch,India-East,English,Creator,0
SM00110,2026-09-12 18:39,Facebook,The durability is excellent. I would recommend HomeHub Mini.,7,2,1,1,778,HomeHub Mini,Always-on,India-Central,English,Customer,0
SM01169,2026-09-12 23:07,Facebook,Finally a product where the replacement process delivers what was promised.,6,2,2,0,387,AirBeat Pro,Always-on,India-South,English,Customer,0
SM00035,2026-09-12 23:36,Instagram,The interface is frustrating. Still waiting for a proper response.,12,4,1,2,253,NovaPhone X,None,India-West,English,Customer,0
SM00981,2026-09-13 00:04,Instagram,Fantastic service: still dealing with the replacement process.,6,1,1,1,329,AirBeat Pro,None,India-South,English,Customer,0
SM00708,2026-09-13 00:16,X,Not acceptable: delivery promise has made the whole experience difficult.,27,22,1,1,513,AirBeat Pro,Festival Launch,India-East,English,Creator,0
SM00952,2026-09-13 00:24,Reddit,NovaPhone X absolutely slaps when it comes to replacement process.,10,5,1,1,800,NovaPhone X,Festival Launch,India-East,English,Customer,0
SM00536,2026-09-13 02:32,Instagram,Comparing HomeHub Mini mainly on checkout experience. Any first-hand feedback?,19,6,2,3,152,HomeHub Mini,None,India-North,English,Prospect,0
SM00158,2026-09-13 05:08,Facebook,Finally a product where the customer service delivers what was promised.,14,4,2,2,287,HomeHub Mini,Service Update,India-Central,English,Prospect,0
SM00777,2026-09-13 05:19,Instagram,The discount offer is frustrating. Still waiting for a proper response.,28,18,2,2,223,FitPulse Watch,Service Update,India-East,English,Prospect,0
SM01084,2026-09-13 06:54,X,The tracking update is frustrating. Still waiting for a proper response.,99,83,5,2,964,HomeHub Mini,Festival Launch,India-Central,English,Prospect,0
SM00778,2026-09-13 08:16,Reddit,Loving the HomeHub Mini; the battery quality works better than expected.,10,1,0,3,189,HomeHub Mini,Always-on,India-South,English,Customer,1
SM01451,2026-09-13 09:10,Reddit,Update: I received information about the high price.,8,4,2,0,110,NovaPhone X,None,India-North,English,Customer,0
SM00707,2026-09-13 11:41,X,Disappointed with the support response for FitPulse Watch. This needs fixing. Kya kisi aur ko bhi hua?,29,18,1,3,871,FitPulse Watch,None,India-West,Hinglish,Customer,0
SM01079,2026-09-13 13:55,Facebook,Update: I received information about the value for money.,31,29,1,0,253,AirBeat Pro,Always-on,India-West,English,Customer,0
SM01401,2026-09-13 14:08,Instagram,Comparing HomeHub Mini mainly on sound quality. Any first-hand feedback?,20,17,0,1,808,HomeHub Mini,Service Update,India-East,English,Customer,0
SM01591,2026-09-13 14:47,Reddit,The camera feature is excellent. I would recommend AirBeat Pro.,15,6,3,1,173,AirBeat Pro,Service Update,India-North,English,Customer,1
SM00174,2026-09-13 14:59,Facebook,Update: I received information about the health tracking.,29,25,2,0,587,AirBeat Pro,Always-on,India-East,English,Customer,0
SM00297,2026-09-13 19:54,X,Please resolve the customer service. This is affecting whether I buy again.,27,17,5,0,842,AirBeat Pro,Always-on,India-North,English,Customer,0
SM00726,2026-09-13 20:47,Instagram,Update: I received information about the late delivery. Paisa vasool lag raha hai.,15,3,3,2,710,AirBeat Pro,None,India-South,Hinglish,Community member,0
SM00117,2026-09-13 20:48,Reddit,Disappointed with the battery life for FitPulse Watch. This needs fixing.,30,15,3,3,824,FitPulse Watch,Always-on,India-Central,English,Creator,0
SM00955,2026-09-13 23:11,Instagram,Loving the HomeHub Mini; the voice control works better than expected.,30,14,5,2,409,HomeHub Mini,Service Update,India-South,English,Customer,0
SM01338,2026-09-13 23:54,LinkedIn,Really impressed with the battery quality on my HomeHub Mini. Smooth experience!,17,8,3,1,388,HomeHub Mini,Always-on,India-North,English,Creator,0
